Identification,Latitude,Longitude,Time of Observation,Sea Level Pressure,Characteristics of Pressure Tendency,Pressure Tendency,Air Temperature,Wet Bulb Temperature,Dew Point Temperature,Sea Surface Temperature,Wave Direction,Wave Period,Wave Height,Swell Direction,Swell Period,Swell Height,Total Cloud Amount,Low Cloud Amount,Low Cloud Type,Cloud Height Indicator,Cloud Height,Middle Cloud Type,High Cloud Type,Visibility,Visibility Indicator,Present Weather,Past Weather,Wind Direction,Wind Speed
MLSC1, 36.8, 238.2,2011-12-01T01:07:00, , , , , , , , , , , , , , , , , , , , , , , , , , 
MLSC1, 36.8, 238.2,2011-12-01T02:01:00, , , , , , , , , , , , , , , , , , , , , , , , , , 
MLSC1, 36.8, 238.2,2011-12-01T03:09:00, , , , , , , , , , , , , , , , , , , , , , , , , , 
MLSC1, 36.8, 238.2,2011-12-01T04:04:00, , , , , , , , , , , , , , , , , , , , , , , , , , 
MLSC1, 36.8, 238.2,2011-12-01T05:01:00, , , , , , , , , , , , , , , , , , , , , , , , , , 
MLSC1, 36.8, 238.2,2011-12-01T06:09:00, , , , , , , , , , , , , , , , , , , , , , , , , , 
MLSC1, 36.8, 238.2,2011-12-01T07:06:00, , , , , , , , , , , , , , , , , , , , , , , , , , 
MLSC1, 36.8, 238.2,2011-12-01T08:03:00, , , , , , , , , , , , , , , , , , , , , , , , , , 
MLSC1, 36.8, 238.2,2011-12-01T09:10:00, , , , , , , , , , , , , , , , , , , , , , , , , , 
MLSC1, 36.8, 238.2,2011-12-01T10:07:00, , , , , , , , , , , , , , , , , , , , , , , , , , 
MLSC1, 36.8, 238.2,2011-12-01T11:03:00, , , , , , , , , , , , , , , , , , , , , , , , , , 
MLSC1, 36.8, 238.2,2011-12-01T12:10:00, , , , , , , , , , , , , , , , , , , , , , , , , , 
MLSC1, 36.8, 238.2,2011-12-01T13:06:00, , , , , , , , , , , , , , , , , , , , , , , , , , 
MLSC1, 36.8, 238.2,2011-12-01T14:01:00, , , , , , , , , , , , , , , , , , , , , , , , , , 
MLSC1, 36.8, 238.2,2011-12-01T15:10:00, , , , , , , , , , , , , , , , , , , , , , , , , , 
MLSC1, 36.8, 238.2,2011-12-01T16:06:00, , , , , , , , , , , , , , , , , , , , , , , , , , 
MLSC1, 36.8, 238.2,2011-12-01T17:01:00, , , , , , , , , , , , , , , , , , , , , , , , , , 
MLSC1, 36.8, 238.2,2011-12-01T18:10:00, , , , , , , , , , , , , , , , , , , , , , , , , , 
MLSC1, 36.8, 238.2,2011-12-01T19:07:00, , , , , , , , , , , , , , , , , , , , , , , , , , 
MLSC1, 36.8, 238.2,2011-12-01T20:03:00, , , , , , , , , , , , , , , , , , , , , , , , , , 
MLSC1, 36.8, 238.2,2011-12-01T22:07:00, , , , , , , , , , , , , , , , , , , , , , , , , , 
MLSC1, 36.8, 238.2,2011-12-01T23:04:00, , , , , , , , , , , , , , , , , , , , , , , , , , 
MLSC1, 36.8, 238.2,2011-12-02T00:01:00, , , , , , , , , , , , , , , , , , , , , , , , , , 
MLSC1, 36.8, 238.2,2011-12-02T01:10:00, , , , , , , , , , , , , , , , , , , , , , , , , , 
MLSC1, 36.8, 238.2,2011-12-02T21:10:00, , , , , , , , , , , , , , , , , , , , , , , , , , 
MLSC1, 36.8, 238.2,2011-12-02T22:06:00, , , , , , , , , , , , , , , , , , , , , , , , , , 
MLSC1, 36.8, 238.2,2011-12-03T00:03:00, , , , , , , , , , , , , , , , , , , , , , , , , , 
MLSC1, 36.8, 238.2,2011-12-03T01:09:00, , , , , , , , , , , , , , , , , , , , , , , , , , 
MLSC1, 36.8, 238.2,2011-12-03T02:03:00, , , , , , , , , , , , , , , , , , , , , , , , , , 
MLSC1, 36.8, 238.2,2011-12-03T03:07:00, , , , , , , , , , , , , , , , , , , , , , , , , , 
MLSC1, 36.8, 238.2,2011-12-03T04:01:00, , , , , , , , , , , , , , , , , , , , , , , , , , 
MLSC1, 36.8, 238.2,2011-12-03T05:07:00, , , , , , , , , , , , , , , , , , , , , , , , , , 
MLSC1, 36.8, 238.2,2011-12-03T06:01:00, , , , , , , , , , , , , , , , , , , , , , , , , , 
MLSC1, 36.8, 238.2,2011-12-03T07:10:00, , , , , , , , , , , , , , , , , , , , , , , , , , 
MLSC1, 36.8, 238.2,2011-12-03T08:06:00, , , , , , , , , , , , , , , , , , , , , , , , , , 
MLSC1, 36.8, 238.2,2011-12-03T10:04:00, , , , , , , , , , , , , , , , , , , , , , , , , , 
MLSC1, 36.8, 238.2,2011-12-03T12:04:00, , , , , , , , , , , , , , , , , , , , , , , , , , 
MLSC1, 36.8, 238.2,2011-12-03T14:04:00, , , , , , , , , , , , , , , , , , , , , , , , , , 
MLSC1, 36.8, 238.2,2011-12-03T16:06:00, , , , , , , , , , , , , , , , , , , , , , , , , , 
MLSC1, 36.8, 238.2,2011-12-03T17:01:00, , , , , , , , , , , , , , , , , , , , , , , , , , 
MLSC1, 36.8, 238.2,2011-12-03T18:07:00, , , , , , , , , , , , , , , , , , , , , , , , , , 
MLSC1, 36.8, 238.2,2011-12-03T19:01:00, , , , , , , , , , , , , , , , , , , , , , , , , , 
MLSC1, 36.8, 238.2,2011-12-03T20:07:00, , , , , , , , , , , , , , , , , , , , , , , , , , 
MLSC1, 36.8, 238.2,2011-12-03T21:03:00, , , , , , , , , , , , , , , , , , , , , , , , , , 
MLSC1, 36.8, 238.2,2011-12-03T22:10:00, , , , , , , , , , , , , , , , , , , , , , , , , , 
MLSC1, 36.8, 238.2,2011-12-03T23:06:00, , , , , , , , , , , , , , , , , , , , , , , , , , 
MLSC1, 36.8, 238.2,2011-12-04T00:01:00, , , , , , , , , , , , , , , , , , , , , , , , , , 
MLSC1, 36.8, 238.2,2011-12-04T01:09:00, , , , , , , , , , , , , , , , , , , , , , , , , , 
MLSC1, 36.8, 238.2,2011-12-04T02:03:00, , , , , , , , , , , , , , , , , , , , , , , , , , 
MLSC1, 36.8, 238.2,2011-12-04T03:00:00, , , , , , , , , , , , , , , , , , , , , , , , , , 
MLSC1, 36.8, 238.2,2011-12-04T04:07:00, , , , , , , , , , , , , , , , , , , , , , , , , , 
MLSC1, 36.8, 238.2,2011-12-04T05:03:00, , , , , , , , , , , , , , , , , , , , , , , , , , 
MLSC1, 36.8, 238.2,2011-12-04T06:00:00, , , , , , , , , , , , , , , , , , , , , , , , , , 
MLSC1, 36.8, 238.2,2011-12-04T07:07:00, , , , , , , , , , , , , , , , , , , , , , , , , , 
MLSC1, 36.8, 238.2,2011-12-04T08:06:00, , , , , , , , , , , , , , , , , , , , , , , , , , 
MLSC1, 36.8, 238.2,2011-12-04T09:01:00, , , , , , , , , , , , , , , , , , , , , , , , , , 
MLSC1, 36.8, 238.2,2011-12-04T10:09:00, , , , , , , , , , , , , , , , , , , , , , , , , , 
MLSC1, 36.8, 238.2,2011-12-04T11:04:00, , , , , , , , , , , , , , , , , , , , , , , , , , 
MLSC1, 36.8, 238.2,2011-12-04T12:00:00, , , , , , , , , , , , , , , , , , , , , , , , , , 
MLSC1, 36.8, 238.2,2011-12-04T13:09:00, , , , , , , , , , , , , , , , , , , , , , , , , , 
MLSC1, 36.8, 238.2,2011-12-04T14:04:00, , , , , , , , , , , , , , , , , , , , , , , , , , 
MLSC1, 36.8, 238.2,2011-12-04T15:01:00, , , , , , , , , , , , , , , , , , , , , , , , , , 
MLSC1, 36.8, 238.2,2011-12-04T16:09:00, , , , , , , , , , , , , , , , , , , , , , , , , , 
MLSC1, 36.8, 238.2,2011-12-04T17:04:00, , , , , , , , , , , , , , , , , , , , , , , , , , 
MLSC1, 36.8, 238.2,2011-12-04T18:01:00, , , , , , , , , , , , , , , , , , , , , , , , , , 
MLSC1, 36.8, 238.2,2011-12-04T19:10:00, , , , , , , , , , , , , , , , , , , , , , , , , , 
MLSC1, 36.8, 238.2,2011-12-04T20:06:00, , , , , , , , , , , , , , , , , , , , , , , , , , 
MLSC1, 36.8, 238.2,2011-12-04T21:01:00, , , , , , , , , , , , , , , , , , , , , , , , , , 
MLSC1, 36.8, 238.2,2011-12-04T22:10:00, , , , , , , , , , , , , , , , , , , , , , , , , , 
MLSC1, 36.8, 238.2,2011-12-04T23:07:00, , , , , , , , , , , , , , , , , , , , , , , , , , 
MLSC1, 36.8, 238.2,2011-12-05T00:03:00, , , , , , , , , , , , , , , , , , , , , , , , , , 
MLSC1, 36.8, 238.2,2011-12-05T01:01:00, , , , , , , , , , , , , , , , , , , , , , , , , , 
MLSC1, 36.8, 238.2,2011-12-05T02:09:00, , , , , , , , , , , , , , , , , , , , , , , , , , 
MLSC1, 36.8, 238.2,2011-12-05T03:06:00, , , , , , , , , , , , , , , , , , , , , , , , , , 
MLSC1, 36.8, 238.2,2011-12-05T04:03:00, , , , , , , , , , , , , , , , , , , , , , , , , , 
MLSC1, 36.8, 238.2,2011-12-05T05:00:00, , , , , , , , , , , , , , , , , , , , , , , , , , 
MLSC1, 36.8, 238.2,2011-12-05T06:10:00, , , , , , , , , , , , , , , , , , , , , , , , , , 
MLSC1, 36.8, 238.2,2011-12-05T07:07:00, , , , , , , , , , , , , , , , , , , , , , , , , , 
MLSC1, 36.8, 238.2,2011-12-05T08:06:00, , , , , , , , , , , , , , , , , , , , , , , , , , 
MLSC1, 36.8, 238.2,2011-12-05T09:01:00, , , , , , , , , , , , , , , , , , , , , , , , , , 
MLSC1, 36.8, 238.2,2011-12-05T10:00:00, , , , , , , , , , , , , , , , , , , , , , , , , , 
MLSC1, 36.8, 238.2,2011-12-05T11:09:00, , , , , , , , , , , , , , , , , , , , , , , , , , 
MLSC1, 36.8, 238.2,2011-12-05T12:06:00, , , , , , , , , , , , , , , , , , , , , , , , , , 
MLSC1, 36.8, 238.2,2011-12-05T13:03:00, , , , , , , , , , , , , , , , , , , , , , , , , , 
MLSC1, 36.8, 238.2,2011-12-05T14:01:00, , , , , , , , , , , , , , , , , , , , , , , , , , 
MLSC1, 36.8, 238.2,2011-12-05T15:10:00, , , , , , , , , , , , , , , , , , , , , , , , , , 
MLSC1, 36.8, 238.2,2011-12-05T16:07:00, , , , , , , , , , , , , , , , , , , , , , , , , , 
MLSC1, 36.8, 238.2,2011-12-05T17:04:00, , , , , , , , , , , , , , , , , , , , , , , , , , 
MLSC1, 36.8, 238.2,2011-12-05T18:01:00, , , , , , , , , , , , , , , , , , , , , , , , , , 
MLSC1, 36.8, 238.2,2011-12-05T19:00:00, , , , , , , , , , , , , , , , , , , , , , , , , , 
MLSC1, 36.8, 238.2,2011-12-05T20:10:00, , , , , , , , , , , , , , , , , , , , , , , , , , 
MLSC1, 36.8, 238.2,2011-12-05T21:07:00, , , , , , , , , , , , , , , , , , , , , , , , , , 
MLSC1, 36.8, 238.2,2011-12-05T22:06:00, , , , , , , , , , , , , , , , , , , , , , , , , , 
MLSC1, 36.8, 238.2,2011-12-05T23:03:00, , , , , , , , , , , , , , , , , , , , , , , , , , 
MLSC1, 36.8, 238.2,2011-12-06T00:01:00, , , , , , , , , , , , , , , , , , , , , , , , , , 
MLSC1, 36.8, 238.2,2011-12-06T02:10:00, , , , , , , , , , , , , , , , , , , , , , , , , , 
MLSC1, 36.8, 238.2,2011-12-06T03:07:00, , , , , , , , , , , , , , , , , , , , , , , , , , 
MLSC1, 36.8, 238.2,2011-12-06T04:06:00, , , , , , , , , , , , , , , , , , , , , , , , , , 
MLSC1, 36.8, 238.2,2011-12-06T05:04:00, , , , , , , , , , , , , , , , , , , , , , , , , , 
MLSC1, 36.8, 238.2,2011-12-06T06:04:00, , , , , , , , , , , , , , , , , , , , , , , , , , 
MLSC1, 36.8, 238.2,2011-12-06T07:04:00, , , , , , , , , , , , , , , , , , , , , , , , , , 
MLSC1, 36.8, 238.2,2011-12-06T08:03:00, , , , , , , , , , , , , , , , , , , , , , , , , , 
MLSC1, 36.8, 238.2,2011-12-06T09:01:00, , , , , , , , , , , , , , , , , , , , , , , , , , 
MLSC1, 36.8, 238.2,2011-12-06T10:01:00, , , , , , , , , , , , , , , , , , , , , , , , , , 
MLSC1, 36.8, 238.2,2011-12-06T11:10:00, , , , , , , , , , , , , , , , , , , , , , , , , , 
MLSC1, 36.8, 238.2,2011-12-06T12:09:00, , , , , , , , , , , , , , , , , , , , , , , , , , 
MLSC1, 36.8, 238.2,2011-12-06T13:07:00, , , , , , , , , , , , , , , , , , , , , , , , , , 
MLSC1, 36.8, 238.2,2011-12-06T14:07:00, , , , , , , , , , , , , , , , , , , , , , , , , , 
MLSC1, 36.8, 238.2,2011-12-06T15:04:00, , , , , , , , , , , , , , , , , , , , , , , , , , 
MLSC1, 36.8, 238.2,2011-12-06T16:04:00, , , , , , , , , , , , , , , , , , , , , , , , , , 
MLSC1, 36.8, 238.2,2011-12-06T17:03:00, , , , , , , , , , , , , , , , , , , , , , , , , , 
MLSC1, 36.8, 238.2,2011-12-06T18:01:00, , , , , , , , , , , , , , , , , , , , , , , , , , 
MLSC1, 36.8, 238.2,2011-12-06T19:01:00, , , , , , , , , , , , , , , , , , , , , , , , , , 
MLSC1, 36.8, 238.2,2011-12-06T21:10:00, , , , , , , , , , , , , , , , , , , , , , , , , , 
MLSC1, 36.8, 238.2,2011-12-06T22:10:00, , , , , , , , , , , , , , , , , , , , , , , , , , 
MLSC1, 36.8, 238.2,2011-12-06T23:09:00, , , , , , , , , , , , , , , , , , , , , , , , , , 
MLSC1, 36.8, 238.2,2011-12-07T00:07:00, , , , , , , , , , , , , , , , , , , , , , , , , , 
MLSC1, 36.8, 238.2,2011-12-07T01:07:00, , , , , , , , , , , , , , , , , , , , , , , , , , 
MLSC1, 36.8, 238.2,2011-12-07T02:07:00, , , , , , , , , , , , , , , , , , , , , , , , , , 
MLSC1, 36.8, 238.2,2011-12-07T03:07:00, , , , , , , , , , , , , , , , , , , , , , , , , , 
MLSC1, 36.8, 238.2,2011-12-07T04:06:00, , , , , , , , , , , , , , , , , , , , , , , , , , 
MLSC1, 36.8, 238.2,2011-12-07T05:04:00, , , , , , , , , , , , , , , , , , , , , , , , , , 
MLSC1, 36.8, 238.2,2011-12-07T06:07:00, , , , , , , , , , , , , , , , , , , , , , , , , , 
MLSC1, 36.8, 238.2,2011-12-07T07:07:00, , , , , , , , , , , , , , , , , , , , , , , , , , 
MLSC1, 36.8, 238.2,2011-12-07T08:09:00, , , , , , , , , , , , , , , , , , , , , , , , , , 
MLSC1, 36.8, 238.2,2011-12-07T09:07:00, , , , , , , , , , , , , , , , , , , , , , , , , , 
MLSC1, 36.8, 238.2,2011-12-07T10:07:00, , , , , , , , , , , , , , , , , , , , , , , , , , 
MLSC1, 36.8, 238.2,2011-12-07T11:07:00, , , , , , , , , , , , , , , , , , , , , , , , , , 
MLSC1, 36.8, 238.2,2011-12-07T12:06:00, , , , , , , , , , , , , , , , , , , , , , , , , , 
MLSC1, 36.8, 238.2,2011-12-07T13:06:00, , , , , , , , , , , , , , , , , , , , , , , , , , 
MLSC1, 36.8, 238.2,2011-12-07T14:06:00, , , , , , , , , , , , , , , , , , , , , , , , , , 
MLSC1, 36.8, 238.2,2011-12-07T15:04:00, , , , , , , , , , , , , , , , , , , , , , , , , , 
MLSC1, 36.8, 238.2,2011-12-07T16:06:00, , , , , , , , , , , , , , , , , , , , , , , , , , 
MLSC1, 36.8, 238.2,2011-12-07T17:06:00, , , , , , , , , , , , , , , , , , , , , , , , , , 
MLSC1, 36.8, 238.2,2011-12-07T18:06:00, , , , , , , , , , , , , , , , , , , , , , , , , , 
MLSC1, 36.8, 238.2,2011-12-07T19:06:00, , , , , , , , , , , , , , , , , , , , , , , , , , 
MLSC1, 36.8, 238.2,2011-12-07T20:06:00, , , , , , , , , , , , , , , , , , , , , , , , , , 
MLSC1, 36.8, 238.2,2011-12-07T21:06:00, , , , , , , , , , , , , , , , , , , , , , , , , , 
MLSC1, 36.8, 238.2,2011-12-07T22:06:00, , , , , , , , , , , , , , , , , , , , , , , , , , 
MLSC1, 36.8, 238.2,2011-12-07T23:06:00, , , , , , , , , , , , , , , , , , , , , , , , , , 
MLSC1, 36.8, 238.2,2011-12-08T00:06:00, , , , , , , , , , , , , , , , , , , , , , , , , , 
MLSC1, 36.8, 238.2,2011-12-08T01:06:00, , , , , , , , , , , , , , , , , , , , , , , , , , 
MLSC1, 36.8, 238.2,2011-12-08T02:06:00, , , , , , , , , , , , , , , , , , , , , , , , , , 
MLSC1, 36.8, 238.2,2011-12-08T03:07:00, , , , , , , , , , , , , , , , , , , , , , , , , , 
MLSC1, 36.8, 238.2,2011-12-08T04:07:00, , , , , , , , , , , , , , , , , , , , , , , , , , 
MLSC1, 36.8, 238.2,2011-12-08T05:07:00, , , , , , , , , , , , , , , , , , , , , , , , , , 
MLSC1, 36.8, 238.2,2011-12-08T06:09:00, , , , , , , , , , , , , , , , , , , , , , , , , , 
MLSC1, 36.8, 238.2,2011-12-08T07:10:00, , , , , , , , , , , , , , , , , , , , , , , , , , 
MLSC1, 36.8, 238.2,2011-12-08T08:01:00, , , , , , , , , , , , , , , , , , , , , , , , , , 
MLSC1, 36.8, 238.2,2011-12-08T10:01:00, , , , , , , , , , , , , , , , , , , , , , , , , , 
MLSC1, 36.8, 238.2,2011-12-08T11:01:00, , , , , , , , , , , , , , , , , , , , , , , , , , 
MLSC1, 36.8, 238.2,2011-12-08T12:01:00, , , , , , , , , , , , , , , , , , , , , , , , , , 
MLSC1, 36.8, 238.2,2011-12-08T13:04:00, , , , , , , , , , , , , , , , , , , , , , , , , , 
MLSC1, 36.8, 238.2,2011-12-08T14:03:00, , , , , , , , , , , , , , , , , , , , , , , , , , 
MLSC1, 36.8, 238.2,2011-12-08T15:04:00, , , , , , , , , , , , , , , , , , , , , , , , , , 
MLSC1, 36.8, 238.2,2011-12-08T16:06:00, , , , , , , , , , , , , , , , , , , , , , , , , , 
MLSC1, 36.8, 238.2,2011-12-08T17:07:00, , , , , , , , , , , , , , , , , , , , , , , , , , 
MLSC1, 36.8, 238.2,2011-12-08T18:07:00, , , , , , , , , , , , , , , , , , , , , , , , , , 
MLSC1, 36.8, 238.2,2011-12-08T19:07:00, , , , , , , , , , , , , , , , , , , , , , , , , , 
MLSC1, 36.8, 238.2,2011-12-08T20:09:00, , , , , , , , , , , , , , , , , , , , , , , , , , 
MLSC1, 36.8, 238.2,2011-12-08T21:10:00, , , , , , , , , , , , , , , , , , , , , , , , , , 
MLSC1, 36.8, 238.2,2011-12-08T22:12:00, , , , , , , , , , , , , , , , , , , , , , , , , , 
MLSC1, 36.8, 238.2,2011-12-08T23:01:00, , , , , , , , , , , , , , , , , , , , , , , , , , 
MLSC1, 36.8, 238.2,2011-12-09T00:01:00, , , , , , , , , , , , , , , , , , , , , , , , , , 
MLSC1, 36.8, 238.2,2011-12-09T01:04:00, , , , , , , , , , , , , , , , , , , , , , , , , , 
MLSC1, 36.8, 238.2,2011-12-09T02:06:00, , , , , , , , , , , , , , , , , , , , , , , , , , 
MLSC1, 36.8, 238.2,2011-12-09T03:07:00, , , , , , , , , , , , , , , , , , , , , , , , , , 
MLSC1, 36.8, 238.2,2011-12-09T04:09:00, , , , , , , , , , , , , , , , , , , , , , , , , , 
MLSC1, 36.8, 238.2,2011-12-09T05:10:00, , , , , , , , , , , , , , , , , , , , , , , , , , 
MLSC1, 36.8, 238.2,2011-12-09T07:04:00, , , , , , , , , , , , , , , , , , , , , , , , , , 
MLSC1, 36.8, 238.2,2011-12-09T08:07:00, , , , , , , , , , , , , , , , , , , , , , , , , , 
MLSC1, 36.8, 238.2,2011-12-09T09:09:00, , , , , , , , , , , , , , , , , , , , , , , , , , 
MLSC1, 36.8, 238.2,2011-12-09T10:10:00, , , , , , , , , , , , , , , , , , , , , , , , , , 
MLSC1, 36.8, 238.2,2011-12-09T12:01:00, , , , , , , , , , , , , , , , , , , , , , , , , , 
MLSC1, 36.8, 238.2,2011-12-09T13:04:00, , , , , , , , , , , , , , , , , , , , , , , , , , 
MLSC1, 36.8, 238.2,2011-12-09T14:06:00, , , , , , , , , , , , , , , , , , , , , , , , , , 
MLSC1, 36.8, 238.2,2011-12-09T15:07:00, , , , , , , , , , , , , , , , , , , , , , , , , , 
MLSC1, 36.8, 238.2,2011-12-09T16:10:00, , , , , , , , , , , , , , , , , , , , , , , , , , 
MLSC1, 36.8, 238.2,2011-12-09T18:01:00, , , , , , , , , , , , , , , , , , , , , , , , , , 
MLSC1, 36.8, 238.2,2011-12-09T19:04:00, , , , , , , , , , , , , , , , , , , , , , , , , , 
MLSC1, 36.8, 238.2,2011-12-09T20:07:00, , , , , , , , , , , , , , , , , , , , , , , , , , 
MLSC1, 36.8, 238.2,2011-12-09T21:09:00, , , , , , , , , , , , , , , , , , , , , , , , , , 
MLSC1, 36.8, 238.2,2011-12-09T22:12:00, , , , , , , , , , , , , , , , , , , , , , , , , , 
MLSC1, 36.8, 238.2,2011-12-09T23:01:00, , , , , , , , , , , , , , , , , , , , , , , , , , 
MLSC1, 36.8, 238.2,2011-12-10T00:03:00, , , , , , , , , , , , , , , , , , , , , , , , , , 
MLSC1, 36.8, 238.2,2011-12-10T01:07:00, , , , , , , , , , , , , , , , , , , , , , , , , , 
MLSC1, 36.8, 238.2,2011-12-10T02:10:00, , , , , , , , , , , , , , , , , , , , , , , , , , 
MLSC1, 36.8, 238.2,2011-12-10T04:03:00, , , , , , , , , , , , , , , , , , , , , , , , , , 
MLSC1, 36.8, 238.2,2011-12-10T05:06:00, , , , , , , , , , , , , , , , , , , , , , , , , , 
MLSC1, 36.8, 238.2,2011-12-10T06:10:00, , , , , , , , , , , , , , , , , , , , , , , , , , 
MLSC1, 36.8, 238.2,2011-12-10T07:01:00, , , , , , , , , , , , , , , , , , , , , , , , , , 
MLSC1, 36.8, 238.2,2011-12-10T08:07:00, , , , , , , , , , , , , , , , , , , , , , , , , , 
MLSC1, 36.8, 238.2,2011-12-10T09:10:00, , , , , , , , , , , , , , , , , , , , , , , , , , 
MLSC1, 36.8, 238.2,2011-12-10T11:03:00, , , , , , , , , , , , , , , , , , , , , , , , , , 
MLSC1, 36.8, 238.2,2011-12-10T12:06:00, , , , , , , , , , , , , , , , , , , , , , , , , , 
MLSC1, 36.8, 238.2,2011-12-10T13:09:00, , , , , , , , , , , , , , , , , , , , , , , , , , 
MLSC1, 36.8, 238.2,2011-12-10T14:12:00, , , , , , , , , , , , , , , , , , , , , , , , , , 
MLSC1, 36.8, 238.2,2011-12-10T15:01:00, , , , , , , , , , , , , , , , , , , , , , , , , , 
MLSC1, 36.8, 238.2,2011-12-10T16:04:00, , , , , , , , , , , , , , , , , , , , , , , , , , 
MLSC1, 36.8, 238.2,2011-12-10T17:07:00, , , , , , , , , , , , , , , , , , , , , , , , , , 
MLSC1, 36.8, 238.2,2011-12-10T18:10:00, , , , , , , , , , , , , , , , , , , , , , , , , , 
MLSC1, 36.8, 238.2,2011-12-10T19:01:00, , , , , , , , , , , , , , , , , , , , , , , , , , 
MLSC1, 36.8, 238.2,2011-12-10T20:06:00, , , , , , , , , , , , , , , , , , , , , , , , , , 
MLSC1, 36.8, 238.2,2011-12-10T21:09:00, , , , , , , , , , , , , , , , , , , , , , , , , , 
MLSC1, 36.8, 238.2,2011-12-10T23:03:00, , , , , , , , , , , , , , , , , , , , , , , , , , 
MLSC1, 36.8, 238.2,2011-12-11T00:07:00, , , , , , , , , , , , , , , , , , , , , , , , , , 
MLSC1, 36.8, 238.2,2011-12-11T01:10:00, , , , , , , , , , , , , , , , , , , , , , , , , , 
MLSC1, 36.8, 238.2,2011-12-11T02:03:00, , , , , , , , , , , , , , , , , , , , , , , , , , 
MLSC1, 36.8, 238.2,2011-12-11T03:06:00, , , , , , , , , , , , , , , , , , , , , , , , , , 
MLSC1, 36.8, 238.2,2011-12-11T04:10:00, , , , , , , , , , , , , , , , , , , , , , , , , , 
MLSC1, 36.8, 238.2,2011-12-11T05:01:00, , , , , , , , , , , , , , , , , , , , , , , , , , 
MLSC1, 36.8, 238.2,2011-12-11T06:07:00, , , , , , , , , , , , , , , , , , , , , , , , , , 
MLSC1, 36.8, 238.2,2011-12-11T08:04:00, , , , , , , , , , , , , , , , , , , , , , , , , , 
MLSC1, 36.8, 238.2,2011-12-11T09:09:00, , , , , , , , , , , , , , , , , , , , , , , , , , 
MLSC1, 36.8, 238.2,2011-12-11T11:03:00, , , , , , , , , , , , , , , , , , , , , , , , , , 
MLSC1, 36.8, 238.2,2011-12-11T12:09:00, , , , , , , , , , , , , , , , , , , , , , , , , , 
MLSC1, 36.8, 238.2,2011-12-11T14:03:00, , , , , , , , , , , , , , , , , , , , , , , , , , 
MLSC1, 36.8, 238.2,2011-12-11T15:07:00, , , , , , , , , , , , , , , , , , , , , , , , , , 
MLSC1, 36.8, 238.2,2011-12-11T17:03:00, , , , , , , , , , , , , , , , , , , , , , , , , , 
MLSC1, 36.8, 238.2,2011-12-11T18:09:00, , , , , , , , , , , , , , , , , , , , , , , , , , 
MLSC1, 36.8, 238.2,2011-12-11T20:04:00, , , , , , , , , , , , , , , , , , , , , , , , , , 
MLSC1, 36.8, 238.2,2011-12-11T21:09:00, , , , , , , , , , , , , , , , , , , , , , , , , , 
MLSC1, 36.8, 238.2,2011-12-11T22:01:00, , , , , , , , , , , , , , , , , , , , , , , , , , 
MLSC1, 36.8, 238.2,2011-12-11T23:06:00, , , , , , , , , , , , , , , , , , , , , , , , , , 
MLSC1, 36.8, 238.2,2011-12-12T00:10:00, , , , , , , , , , , , , , , , , , , , , , , , , , 
MLSC1, 36.8, 238.2,2011-12-12T01:01:00, , , , , , , , , , , , , , , , , , , , , , , , , , 
MLSC1, 36.8, 238.2,2011-12-12T02:07:00, , , , , , , , , , , , , , , , , , , , , , , , , , 
MLSC1, 36.8, 238.2,2011-12-12T03:10:00, , , , , , , , , , , , , , , , , , , , , , , , , , 
MLSC1, 36.8, 238.2,2011-12-12T04:04:00, , , , , , , , , , , , , , , , , , , , , , , , , , 
MLSC1, 36.8, 238.2,2011-12-12T05:09:00, , , , , , , , , , , , , , , , , , , , , , , , , , 
MLSC1, 36.8, 238.2,2011-12-12T06:01:00, , , , , , , , , , , , , , , , , , , , , , , , , , 
MLSC1, 36.8, 238.2,2011-12-12T07:09:00, , , , , , , , , , , , , , , , , , , , , , , , , , 
MLSC1, 36.8, 238.2,2011-12-12T08:03:00, , , , , , , , , , , , , , , , , , , , , , , , , , 
MLSC1, 36.8, 238.2,2011-12-12T09:07:00, , , , , , , , , , , , , , , , , , , , , , , , , , 
MLSC1, 36.8, 238.2,2011-12-12T10:12:00, , , , , , , , , , , , , , , , , , , , , , , , , , 
MLSC1, 36.8, 238.2,2011-12-12T11:04:00, , , , , , , , , , , , , , , , , , , , , , , , , , 
MLSC1, 36.8, 238.2,2011-12-12T12:10:00, , , , , , , , , , , , , , , , , , , , , , , , , , 
MLSC1, 36.8, 238.2,2011-12-12T13:01:00, , , , , , , , , , , , , , , , , , , , , , , , , , 
MLSC1, 36.8, 238.2,2011-12-12T14:07:00, , , , , , , , , , , , , , , , , , , , , , , , , , 
MLSC1, 36.8, 238.2,2011-12-12T15:10:00, , , , , , , , , , , , , , , , , , , , , , , , , , 
MLSC1, 36.8, 238.2,2011-12-12T16:04:00, , , , , , , , , , , , , , , , , , , , , , , , , , 
MLSC1, 36.8, 238.2,2011-12-12T17:10:00, , , , , , , , , , , , , , , , , , , , , , , , , , 
MLSC1, 36.8, 238.2,2011-12-12T18:01:00, , , , , , , , , , , , , , , , , , , , , , , , , , 
MLSC1, 36.8, 238.2,2011-12-12T19:07:00, , , , , , , , , , , , , , , , , , , , , , , , , , 
MLSC1, 36.8, 238.2,2011-12-12T20:01:00, , , , , , , , , , , , , , , , , , , , , , , , , , 
MLSC1, 36.8, 238.2,2011-12-12T21:06:00, , , , , , , , , , , , , , , , , , , , , , , , , , 
MLSC1, 36.8, 238.2,2011-12-12T22:12:00, , , , , , , , , , , , , , , , , , , , , , , , , , 
MLSC1, 36.8, 238.2,2011-12-12T23:04:00, , , , , , , , , , , , , , , , , , , , , , , , , , 
MLSC1, 36.8, 238.2,2011-12-13T00:10:00, , , , , , , , , , , , , , , , , , , , , , , , , , 
MLSC1, 36.8, 238.2,2011-12-13T01:03:00, , , , , , , , , , , , , , , , , , , , , , , , , , 
MLSC1, 36.8, 238.2,2011-12-13T02:09:00, , , , , , , , , , , , , , , , , , , , , , , , , , 
MLSC1, 36.8, 238.2,2011-12-13T03:01:00, , , , , , , , , , , , , , , , , , , , , , , , , , 
MLSC1, 36.8, 238.2,2011-12-13T04:07:00, , , , , , , , , , , , , , , , , , , , , , , , , , 
MLSC1, 36.8, 238.2,2011-12-13T05:01:00, , , , , , , , , , , , , , , , , , , , , , , , , , 
MLSC1, 36.8, 238.2,2011-12-13T06:09:00, , , , , , , , , , , , , , , , , , , , , , , , , , 
MLSC1, 36.8, 238.2,2011-12-13T07:03:00, , , , , , , , , , , , , , , , , , , , , , , , , , 
MLSC1, 36.8, 238.2,2011-12-13T08:10:00, , , , , , , , , , , , , , , , , , , , , , , , , , 
MLSC1, 36.8, 238.2,2011-12-13T09:01:00, , , , , , , , , , , , , , , , , , , , , , , , , , 
MLSC1, 36.8, 238.2,2011-12-13T10:09:00, , , , , , , , , , , , , , , , , , , , , , , , , , 
MLSC1, 36.8, 238.2,2011-12-13T11:01:00, , , , , , , , , , , , , , , , , , , , , , , , , , 
MLSC1, 36.8, 238.2,2011-12-13T12:07:00, , , , , , , , , , , , , , , , , , , , , , , , , , 
MLSC1, 36.8, 238.2,2011-12-13T13:01:00, , , , , , , , , , , , , , , , , , , , , , , , , , 
MLSC1, 36.8, 238.2,2011-12-13T14:07:00, , , , , , , , , , , , , , , , , , , , , , , , , , 
MLSC1, 36.8, 238.2,2011-12-13T16:07:00, , , , , , , , , , , , , , , , , , , , , , , , , , 
MLSC1, 36.8, 238.2,2011-12-13T18:07:00, , , , , , , , , , , , , , , , , , , , , , , , , , 
MLSC1, 36.8, 238.2,2011-12-13T20:07:00, , , , , , , , , , , , , , , , , , , , , , , , , , 
MLSC1, 36.8, 238.2,2011-12-13T22:07:00, , , , , , , , , , , , , , , , , , , , , , , , , , 
MLSC1, 36.8, 238.2,2011-12-13T23:01:00, , , , , , , , , , , , , , , , , , , , , , , , , , 
MLSC1, 36.8, 238.2,2011-12-14T00:07:00, , , , , , , , , , , , , , , , , , , , , , , , , , 
MLSC1, 36.8, 238.2,2011-12-14T01:01:00, , , , , , , , , , , , , , , , , , , , , , , , , , 
MLSC1, 36.8, 238.2,2011-12-14T02:09:00, , , , , , , , , , , , , , , , , , , , , , , , , , 
MLSC1, 36.8, 238.2,2011-12-14T03:01:00, , , , , , , , , , , , , , , , , , , , , , , , , , 
MLSC1, 36.8, 238.2,2011-12-14T04:09:00, , , , , , , , , , , , , , , , , , , , , , , , , , 
MLSC1, 36.8, 238.2,2011-12-14T05:03:00, , , , , , , , , , , , , , , , , , , , , , , , , , 
MLSC1, 36.8, 238.2,2011-12-14T06:10:00, , , , , , , , , , , , , , , , , , , , , , , , , , 
MLSC1, 36.8, 238.2,2011-12-14T07:07:00, , , , , , , , , , , , , , , , , , , , , , , , , , 
MLSC1, 36.8, 238.2,2011-12-14T08:01:00, , , , , , , , , , , , , , , , , , , , , , , , , , 
MLSC1, 36.8, 238.2,2011-12-14T09:09:00, , , , , , , , , , , , , , , , , , , , , , , , , , 
MLSC1, 36.8, 238.2,2011-12-14T10:03:00, , , , , , , , , , , , , , , , , , , , , , , , , , 
MLSC1, 36.8, 238.2,2011-12-14T11:12:00, , , , , , , , , , , , , , , , , , , , , , , , , , 
MLSC1, 36.8, 238.2,2011-12-14T12:07:00, , , , , , , , , , , , , , , , , , , , , , , , , , 
MLSC1, 36.8, 238.2,2011-12-14T13:01:00, , , , , , , , , , , , , , , , , , , , , , , , , , 
MLSC1, 36.8, 238.2,2011-12-14T14:12:00, , , , , , , , , , , , , , , , , , , , , , , , , , 
MLSC1, 36.8, 238.2,2011-12-14T15:06:00, , , , , , , , , , , , , , , , , , , , , , , , , , 
MLSC1, 36.8, 238.2,2011-12-14T16:01:00, , , , , , , , , , , , , , , , , , , , , , , , , , 
MLSC1, 36.8, 238.2,2011-12-14T17:10:00, , , , , , , , , , , , , , , , , , , , , , , , , , 
MLSC1, 36.8, 238.2,2011-12-14T18:06:00, , , , , , , , , , , , , , , , , , , , , , , , , , 
MLSC1, 36.8, 238.2,2011-12-14T19:01:00, , , , , , , , , , , , , , , , , , , , , , , , , , 
MLSC1, 36.8, 238.2,2011-12-14T20:10:00, , , , , , , , , , , , , , , , , , , , , , , , , , 
MLSC1, 36.8, 238.2,2011-12-14T21:06:00, , , , , , , , , , , , , , , , , , , , , , , , , , 
MLSC1, 36.8, 238.2,2011-12-14T22:01:00, , , , , , , , , , , , , , , , , , , , , , , , , , 
MLSC1, 36.8, 238.2,2011-12-14T23:10:00, , , , , , , , , , , , , , , , , , , , , , , , , , 
MLSC1, 36.8, 238.2,2011-12-15T00:06:00, , , , , , , , , , , , , , , , , , , , , , , , , , 
MLSC1, 36.8, 238.2,2011-12-15T01:01:00, , , , , , , , , , , , , , , , , , , , , , , , , , 
MLSC1, 36.8, 238.2,2011-12-15T02:10:00, , , , , , , , , , , , , , , , , , , , , , , , , , 
MLSC1, 36.8, 238.2,2011-12-15T03:06:00, , , , , , , , , , , , , , , , , , , , , , , , , , 
MLSC1, 36.8, 238.2,2011-12-15T04:01:00, , , , , , , , , , , , , , , , , , , , , , , , , , 
MLSC1, 36.8, 238.2,2011-12-15T05:12:00, , , , , , , , , , , , , , , , , , , , , , , , , , 
MLSC1, 36.8, 238.2,2011-12-15T06:09:00, , , , , , , , , , , , , , , , , , , , , , , , , , 
MLSC1, 36.8, 238.2,2011-12-15T07:07:00, , , , , , , , , , , , , , , , , , , , , , , , , , 
MLSC1, 36.8, 238.2,2011-12-15T08:03:00, , , , , , , , , , , , , , , , , , , , , , , , , , 
MLSC1, 36.8, 238.2,2011-12-15T10:09:00, , , , , , , , , , , , , , , , , , , , , , , , , , 
MLSC1, 36.8, 238.2,2011-12-15T11:04:00, , , , , , , , , , , , , , , , , , , , , , , , , , 
MLSC1, 36.8, 238.2,2011-12-15T13:10:00, , , , , , , , , , , , , , , , , , , , , , , , , , 
MLSC1, 36.8, 238.2,2011-12-15T14:06:00, , , , , , , , , , , , , , , , , , , , , , , , , , 
MLSC1, 36.8, 238.2,2011-12-15T15:01:00, , , , , , , , , , , , , , , , , , , , , , , , , , 
MLSC1, 36.8, 238.2,2011-12-15T16:13:00, , , , , , , , , , , , , , , , , , , , , , , , , , 
MLSC1, 36.8, 238.2,2011-12-15T17:07:00, , , , , , , , , , , , , , , , , , , , , , , , , , 
MLSC1, 36.8, 238.2,2011-12-15T18:04:00, , , , , , , , , , , , , , , , , , , , , , , , , , 
MLSC1, 36.8, 238.2,2011-12-15T19:01:00, , , , , , , , , , , , , , , , , , , , , , , , , , 
MLSC1, 36.8, 238.2,2011-12-15T20:10:00, , , , , , , , , , , , , , , , , , , , , , , , , , 
MLSC1, 36.8, 238.2,2011-12-15T21:07:00, , , , , , , , , , , , , , , , , , , , , , , , , , 
MLSC1, 36.8, 238.2,2011-12-15T22:04:00, , , , , , , , , , , , , , , , , , , , , , , , , , 
MLSC1, 36.8, 238.2,2011-12-15T23:01:00, , , , , , , , , , , , , , , , , , , , , , , , , , 
MLSC1, 36.8, 238.2,2011-12-16T00:10:00, , , , , , , , , , , , , , , , , , , , , , , , , , 
MLSC1, 36.8, 238.2,2011-12-16T01:07:00, , , , , , , , , , , , , , , , , , , , , , , , , , 
MLSC1, 36.8, 238.2,2011-12-16T02:04:00, , , , , , , , , , , , , , , , , , , , , , , , , , 
MLSC1, 36.8, 238.2,2011-12-16T03:01:00, , , , , , , , , , , , , , , , , , , , , , , , , , 
MLSC1, 36.8, 238.2,2011-12-16T04:13:00, , , , , , , , , , , , , , , , , , , , , , , , , , 
MLSC1, 36.8, 238.2,2011-12-16T05:10:00, , , , , , , , , , , , , , , , , , , , , , , , , , 
MLSC1, 36.8, 238.2,2011-12-16T06:07:00, , , , , , , , , , , , , , , , , , , , , , , , , , 
MLSC1, 36.8, 238.2,2011-12-16T07:07:00, , , , , , , , , , , , , , , , , , , , , , , , , , 
MLSC1, 36.8, 238.2,2011-12-16T08:04:00, , , , , , , , , , , , , , , , , , , , , , , , , , 
MLSC1, 36.8, 238.2,2011-12-16T09:01:00, , , , , , , , , , , , , , , , , , , , , , , , , , 
MLSC1, 36.8, 238.2,2011-12-16T10:13:00, , , , , , , , , , , , , , , , , , , , , , , , , , 
MLSC1, 36.8, 238.2,2011-12-16T11:10:00, , , , , , , , , , , , , , , , , , , , , , , , , , 
MLSC1, 36.8, 238.2,2011-12-16T12:07:00, , , , , , , , , , , , , , , , , , , , , , , , , , 
MLSC1, 36.8, 238.2,2011-12-16T13:04:00, , , , , , , , , , , , , , , , , , , , , , , , , , 
MLSC1, 36.8, 238.2,2011-12-16T14:01:00, , , , , , , , , , , , , , , , , , , , , , , , , , 
MLSC1, 36.8, 238.2,2011-12-16T15:10:00, , , , , , , , , , , , , , , , , , , , , , , , , , 
MLSC1, 36.8, 238.2,2011-12-16T16:09:00, , , , , , , , , , , , , , , , , , , , , , , , , , 
MLSC1, 36.8, 238.2,2011-12-16T17:06:00, , , , , , , , , , , , , , , , , , , , , , , , , , 
MLSC1, 36.8, 238.2,2011-12-16T18:03:00, , , , , , , , , , , , , , , , , , , , , , , , , , 
MLSC1, 36.8, 238.2,2011-12-16T19:01:00, , , , , , , , , , , , , , , , , , , , , , , , , , 
MLSC1, 36.8, 238.2,2011-12-16T20:13:00, , , , , , , , , , , , , , , , , , , , , , , , , , 
MLSC1, 36.8, 238.2,2011-12-16T21:10:00, , , , , , , , , , , , , , , , , , , , , , , , , , 
MLSC1, 36.8, 238.2,2011-12-16T22:07:00, , , , , , , , , , , , , , , , , , , , , , , , , , 
MLSC1, 36.8, 238.2,2011-12-16T23:04:00, , , , , , , , , , , , , , , , , , , , , , , , , , 
MLSC1, 36.8, 238.2,2011-12-17T00:01:00, , , , , , , , , , , , , , , , , , , , , , , , , , 
MLSC1, 36.8, 238.2,2011-12-17T02:13:00, , , , , , , , , , , , , , , , , , , , , , , , , , 
MLSC1, 36.8, 238.2,2011-12-17T03:10:00, , , , , , , , , , , , , , , , , , , , , , , , , , 
MLSC1, 36.8, 238.2,2011-12-17T04:07:00, , , , , , , , , , , , , , , , , , , , , , , , , , 
MLSC1, 36.8, 238.2,2011-12-17T05:06:00, , , , , , , , , , , , , , , , , , , , , , , , , , 
MLSC1, 36.8, 238.2,2011-12-17T06:04:00, , , , , , , , , , , , , , , , , , , , , , , , , , 
MLSC1, 36.8, 238.2,2011-12-17T07:04:00, , , , , , , , , , , , , , , , , , , , , , , , , , 
MLSC1, 36.8, 238.2,2011-12-17T08:03:00, , , , , , , , , , , , , , , , , , , , , , , , , , 
MLSC1, 36.8, 238.2,2011-12-17T09:01:00, , , , , , , , , , , , , , , , , , , , , , , , , , 
MLSC1, 36.8, 238.2,2011-12-17T11:12:00, , , , , , , , , , , , , , , , , , , , , , , , , , 
MLSC1, 36.8, 238.2,2011-12-17T12:10:00, , , , , , , , , , , , , , , , , , , , , , , , , , 
MLSC1, 36.8, 238.2,2011-12-17T13:07:00, , , , , , , , , , , , , , , , , , , , , , , , , , 
MLSC1, 36.8, 238.2,2011-12-17T14:04:00, , , , , , , , , , , , , , , , , , , , , , , , , , 
MLSC1, 36.8, 238.2,2011-12-17T15:01:00, , , , , , , , , , , , , , , , , , , , , , , , , , 
MLSC1, 36.8, 238.2,2011-12-17T16:01:00, , , , , , , , , , , , , , , , , , , , , , , , , , 
MLSC1, 36.8, 238.2,2011-12-17T17:13:00, , , , , , , , , , , , , , , , , , , , , , , , , , 
MLSC1, 36.8, 238.2,2011-12-17T18:10:00, , , , , , , , , , , , , , , , , , , , , , , , , , 
MLSC1, 36.8, 238.2,2011-12-17T19:10:00, , , , , , , , , , , , , , , , , , , , , , , , , , 
MLSC1, 36.8, 238.2,2011-12-17T20:07:00, , , , , , , , , , , , , , , , , , , , , , , , , , 
MLSC1, 36.8, 238.2,2011-12-17T21:06:00, , , , , , , , , , , , , , , , , , , , , , , , , , 
MLSC1, 36.8, 238.2,2011-12-17T22:04:00, , , , , , , , , , , , , , , , , , , , , , , , , , 
MLSC1, 36.8, 238.2,2011-12-17T23:03:00, , , , , , , , , , , , , , , , , , , , , , , , , , 
MLSC1, 36.8, 238.2,2011-12-18T00:01:00, , , , , , , , , , , , , , , , , , , , , , , , , , 
MLSC1, 36.8, 238.2,2011-12-18T02:13:00, , , , , , , , , , , , , , , , , , , , , , , , , , 
MLSC1, 36.8, 238.2,2011-12-18T03:12:00, , , , , , , , , , , , , , , , , , , , , , , , , , 
MLSC1, 36.8, 238.2,2011-12-18T04:12:00, , , , , , , , , , , , , , , , , , , , , , , , , , 
MLSC1, 36.8, 238.2,2011-12-18T05:10:00, , , , , , , , , , , , , , , , , , , , , , , , , , 
MLSC1, 36.8, 238.2,2011-12-18T06:10:00, , , , , , , , , , , , , , , , , , , , , , , , , , 
MLSC1, 36.8, 238.2,2011-12-18T07:12:00, , , , , , , , , , , , , , , , , , , , , , , , , , 
MLSC1, 36.8, 238.2,2011-12-18T08:13:00, , , , , , , , , , , , , , , , , , , , , , , , , , 
MLSC1, 36.8, 238.2,2011-12-18T09:10:00, , , , , , , , , , , , , , , , , , , , , , , , , , 
MLSC1, 36.8, 238.2,2011-12-18T10:10:00, , , , , , , , , , , , , , , , , , , , , , , , , , 
MLSC1, 36.8, 238.2,2011-12-18T11:09:00, , , , , , , , , , , , , , , , , , , , , , , , , , 
MLSC1, 36.8, 238.2,2011-12-18T12:07:00, , , , , , , , , , , , , , , , , , , , , , , , , , 
MLSC1, 36.8, 238.2,2011-12-18T13:06:00, , , , , , , , , , , , , , , , , , , , , , , , , , 
MLSC1, 36.8, 238.2,2011-12-18T14:04:00, , , , , , , , , , , , , , , , , , , , , , , , , , 
MLSC1, 36.8, 238.2,2011-12-18T15:01:00, , , , , , , , , , , , , , , , , , , , , , , , , , 
MLSC1, 36.8, 238.2,2011-12-18T16:03:00, , , , , , , , , , , , , , , , , , , , , , , , , , 
MLSC1, 36.8, 238.2,2011-12-18T17:01:00, , , , , , , , , , , , , , , , , , , , , , , , , , 
MLSC1, 36.8, 238.2,2011-12-18T21:13:00, , , , , , , , , , , , , , , , , , , , , , , , , , 
MLSC1, 36.8, 238.2,2011-12-18T22:13:00, , , , , , , , , , , , , , , , , , , , , , , , , , 
MLSC1, 36.8, 238.2,2011-12-18T23:12:00, , , , , , , , , , , , , , , , , , , , , , , , , , 
MLSC1, 36.8, 238.2,2011-12-19T00:10:00, , , , , , , , , , , , , , , , , , , , , , , , , , 
MLSC1, 36.8, 238.2,2011-12-19T01:10:00, , , , , , , , , , , , , , , , , , , , , , , , , , 
MLSC1, 36.8, 238.2,2011-12-19T02:10:00, , , , , , , , , , , , , , , , , , , , , , , , , , 
MLSC1, 36.8, 238.2,2011-12-19T03:09:00, , , , , , , , , , , , , , , , , , , , , , , , , , 
MLSC1, 36.8, 238.2,2011-12-19T04:09:00, , , , , , , , , , , , , , , , , , , , , , , , , , 
MLSC1, 36.8, 238.2,2011-12-19T05:09:00, , , , , , , , , , , , , , , , , , , , , , , , , , 
MLSC1, 36.8, 238.2,2011-12-19T06:09:00, , , , , , , , , , , , , , , , , , , , , , , , , , 
MLSC1, 36.8, 238.2,2011-12-19T07:10:00, , , , , , , , , , , , , , , , , , , , , , , , , , 
MLSC1, 36.8, 238.2,2011-12-19T08:12:00, , , , , , , , , , , , , , , , , , , , , , , , , , 
MLSC1, 36.8, 238.2,2011-12-19T09:10:00, , , , , , , , , , , , , , , , , , , , , , , , , , 
MLSC1, 36.8, 238.2,2011-12-19T10:10:00, , , , , , , , , , , , , , , , , , , , , , , , , , 
MLSC1, 36.8, 238.2,2011-12-19T11:10:00, , , , , , , , , , , , , , , , , , , , , , , , , , 
MLSC1, 36.8, 238.2,2011-12-19T12:10:00, , , , , , , , , , , , , , , , , , , , , , , , , , 
MLSC1, 36.8, 238.2,2011-12-19T13:10:00, , , , , , , , , , , , , , , , , , , , , , , , , , 
MLSC1, 36.8, 238.2,2011-12-19T14:10:00, , , , , , , , , , , , , , , , , , , , , , , , , , 
MLSC1, 36.8, 238.2,2011-12-19T15:10:00, , , , , , , , , , , , , , , , , , , , , , , , , , 
MLSC1, 36.8, 238.2,2011-12-19T16:10:00, , , , , , , , , , , , , , , , , , , , , , , , , , 
MLSC1, 36.8, 238.2,2011-12-19T17:10:00, , , , , , , , , , , , , , , , , , , , , , , , , , 
MLSC1, 36.8, 238.2,2011-12-19T18:10:00, , , , , , , , , , , , , , , , , , , , , , , , , , 
MLSC1, 36.8, 238.2,2011-12-19T19:10:00, , , , , , , , , , , , , , , , , , , , , , , , , , 
MLSC1, 36.8, 238.2,2011-12-19T20:10:00, , , , , , , , , , , , , , , , , , , , , , , , , , 
MLSC1, 36.8, 238.2,2011-12-19T21:10:00, , , , , , , , , , , , , , , , , , , , , , , , , , 
MLSC1, 36.8, 238.2,2011-12-19T22:10:00, , , , , , , , , , , , , , , , , , , , , , , , , , 
MLSC1, 36.8, 238.2,2011-12-19T23:10:00, , , , , , , , , , , , , , , , , , , , , , , , , , 
MLSC1, 36.8, 238.2,2011-12-20T00:10:00, , , , , , , , , , , , , , , , , , , , , , , , , , 
MLSC1, 36.8, 238.2,2011-12-20T01:12:00, , , , , , , , , , , , , , , , , , , , , , , , , , 
MLSC1, 36.8, 238.2,2011-12-20T02:12:00, , , , , , , , , , , , , , , , , , , , , , , , , , 
MLSC1, 36.8, 238.2,2011-12-20T03:10:00, , , , , , , , , , , , , , , , , , , , , , , , , , 
MLSC1, 36.8, 238.2,2011-12-20T04:13:00, , , , , , , , , , , , , , , , , , , , , , , , , , 
MLSC1, 36.8, 238.2,2011-12-20T05:13:00, , , , , , , , , , , , , , , , , , , , , , , , , , 
MLSC1, 36.8, 238.2,2011-12-20T06:13:00, , , , , , , , , , , , , , , , , , , , , , , , , , 
MLSC1, 36.8, 238.2,2011-12-20T07:01:00, , , , , , , , , , , , , , , , , , , , , , , , , , 
MLSC1, 36.8, 238.2,2011-12-20T08:03:00, , , , , , , , , , , , , , , , , , , , , , , , , , 
MLSC1, 36.8, 238.2,2011-12-20T09:03:00, , , , , , , , , , , , , , , , , , , , , , , , , , 
MLSC1, 36.8, 238.2,2011-12-20T10:04:00, , , , , , , , , , , , , , , , , , , , , , , , , , 
MLSC1, 36.8, 238.2,2011-12-20T11:03:00, , , , , , , , , , , , , , , , , , , , , , , , , , 
MLSC1, 36.8, 238.2,2011-12-20T12:04:00, , , , , , , , , , , , , , , , , , , , , , , , , , 
MLSC1, 36.8, 238.2,2011-12-20T13:04:00, , , , , , , , , , , , , , , , , , , , , , , , , , 
MLSC1, 36.8, 238.2,2011-12-20T14:06:00, , , , , , , , , , , , , , , , , , , , , , , , , , 
MLSC1, 36.8, 238.2,2011-12-20T15:06:00, , , , , , , , , , , , , , , , , , , , , , , , , , 
MLSC1, 36.8, 238.2,2011-12-20T16:07:00, , , , , , , , , , , , , , , , , , , , , , , , , , 
MLSC1, 36.8, 238.2,2011-12-20T17:07:00, , , , , , , , , , , , , , , , , , , , , , , , , , 
MLSC1, 36.8, 238.2,2011-12-20T18:07:00, , , , , , , , , , , , , , , , , , , , , , , , , , 
MLSC1, 36.8, 238.2,2011-12-20T19:07:00, , , , , , , , , , , , , , , , , , , , , , , , , , 
MLSC1, 36.8, 238.2,2011-12-20T20:09:00, , , , , , , , , , , , , , , , , , , , , , , , , , 
MLSC1, 36.8, 238.2,2011-12-20T21:10:00, , , , , , , , , , , , , , , , , , , , , , , , , , 
MLSC1, 36.8, 238.2,2011-12-20T22:10:00, , , , , , , , , , , , , , , , , , , , , , , , , , 
MLSC1, 36.8, 238.2,2011-12-20T23:10:00, , , , , , , , , , , , , , , , , , , , , , , , , , 
MLSC1, 36.8, 238.2,2011-12-21T00:12:00, , , , , , , , , , , , , , , , , , , , , , , , , , 
MLSC1, 36.8, 238.2,2011-12-21T01:13:00, , , , , , , , , , , , , , , , , , , , , , , , , , 
MLSC1, 36.8, 238.2,2011-12-21T02:15:00, , , , , , , , , , , , , , , , , , , , , , , , , , 
MLSC1, 36.8, 238.2,2011-12-21T04:01:00, , , , , , , , , , , , , , , , , , , , , , , , , , 
MLSC1, 36.8, 238.2,2011-12-21T05:01:00, , , , , , , , , , , , , , , , , , , , , , , , , , 
MLSC1, 36.8, 238.2,2011-12-21T06:04:00, , , , , , , , , , , , , , , , , , , , , , , , , , 
MLSC1, 36.8, 238.2,2011-12-21T07:07:00, , , , , , , , , , , , , , , , , , , , , , , , , , 
MLSC1, 36.8, 238.2,2011-12-21T08:10:00, , , , , , , , , , , , , , , , , , , , , , , , , , 
MLSC1, 36.8, 238.2,2011-12-21T09:10:00, , , , , , , , , , , , , , , , , , , , , , , , , , 
MLSC1, 36.8, 238.2,2011-12-21T10:13:00, , , , , , , , , , , , , , , , , , , , , , , , , , 
MLSC1, 36.8, 238.2,2011-12-21T11:13:00, , , , , , , , , , , , , , , , , , , , , , , , , , 
MLSC1, 36.8, 238.2,2011-12-21T13:01:00, , , , , , , , , , , , , , , , , , , , , , , , , , 
MLSC1, 36.8, 238.2,2011-12-21T14:01:00, , , , , , , , , , , , , , , , , , , , , , , , , , 
MLSC1, 36.8, 238.2,2011-12-21T15:01:00, , , , , , , , , , , , , , , , , , , , , , , , , , 
MLSC1, 36.8, 238.2,2011-12-21T16:04:00, , , , , , , , , , , , , , , , , , , , , , , , , , 
MLSC1, 36.8, 238.2,2011-12-21T17:06:00, , , , , , , , , , , , , , , , , , , , , , , , , , 
MLSC1, 36.8, 238.2,2011-12-21T18:07:00, , , , , , , , , , , , , , , , , , , , , , , , , , 
MLSC1, 36.8, 238.2,2011-12-21T19:09:00, , , , , , , , , , , , , , , , , , , , , , , , , , 
MLSC1, 36.8, 238.2,2011-12-21T20:10:00, , , , , , , , , , , , , , , , , , , , , , , , , , 
MLSC1, 36.8, 238.2,2011-12-21T21:10:00, , , , , , , , , , , , , , , , , , , , , , , , , , 
MLSC1, 36.8, 238.2,2011-12-21T22:13:00, , , , , , , , , , , , , , , , , , , , , , , , , , 
MLSC1, 36.8, 238.2,2011-12-21T23:15:00, , , , , , , , , , , , , , , , , , , , , , , , , , 
MLSC1, 36.8, 238.2,2011-12-22T01:03:00, , , , , , , , , , , , , , , , , , , , , , , , , , 
MLSC1, 36.8, 238.2,2011-12-22T02:04:00, , , , , , , , , , , , , , , , , , , , , , , , , , 
MLSC1, 36.8, 238.2,2011-12-22T03:07:00, , , , , , , , , , , , , , , , , , , , , , , , , , 
MLSC1, 36.8, 238.2,2011-12-22T04:09:00, , , , , , , , , , , , , , , , , , , , , , , , , , 
MLSC1, 36.8, 238.2,2011-12-22T05:10:00, , , , , , , , , , , , , , , , , , , , , , , , , , 
MLSC1, 36.8, 238.2,2011-12-22T06:13:00, , , , , , , , , , , , , , , , , , , , , , , , , , 
MLSC1, 36.8, 238.2,2011-12-22T07:01:00, , , , , , , , , , , , , , , , , , , , , , , , , , 
MLSC1, 36.8, 238.2,2011-12-22T08:06:00, , , , , , , , , , , , , , , , , , , , , , , , , , 
MLSC1, 36.8, 238.2,2011-12-22T09:07:00, , , , , , , , , , , , , , , , , , , , , , , , , , 
MLSC1, 36.8, 238.2,2011-12-22T10:09:00, , , , , , , , , , , , , , , , , , , , , , , , , , 
MLSC1, 36.8, 238.2,2011-12-22T11:10:00, , , , , , , , , , , , , , , , , , , , , , , , , , 
MLSC1, 36.8, 238.2,2011-12-22T12:12:00, , , , , , , , , , , , , , , , , , , , , , , , , , 
MLSC1, 36.8, 238.2,2011-12-22T13:15:00, , , , , , , , , , , , , , , , , , , , , , , , , , 
MLSC1, 36.8, 238.2,2011-12-22T14:01:00, , , , , , , , , , , , , , , , , , , , , , , , , , 
MLSC1, 36.8, 238.2,2011-12-22T15:01:00, , , , , , , , , , , , , , , , , , , , , , , , , , 
MLSC1, 36.8, 238.2,2011-12-22T16:04:00, , , , , , , , , , , , , , , , , , , , , , , , , , 
MLSC1, 36.8, 238.2,2011-12-22T17:07:00, , , , , , , , , , , , , , , , , , , , , , , , , , 
MLSC1, 36.8, 238.2,2011-12-22T18:09:00, , , , , , , , , , , , , , , , , , , , , , , , , , 
MLSC1, 36.8, 238.2,2011-12-22T19:10:00, , , , , , , , , , , , , , , , , , , , , , , , , , 
MLSC1, 36.8, 238.2,2011-12-22T20:13:00, , , , , , , , , , , , , , , , , , , , , , , , , , 
MLSC1, 36.8, 238.2,2011-12-22T22:03:00, , , , , , , , , , , , , , , , , , , , , , , , , , 
MLSC1, 36.8, 238.2,2011-12-22T23:04:00, , , , , , , , , , , , , , , , , , , , , , , , , , 
MLSC1, 36.8, 238.2,2011-12-23T00:07:00, , , , , , , , , , , , , , , , , , , , , , , , , , 
MLSC1, 36.8, 238.2,2011-12-23T01:10:00, , , , , , , , , , , , , , , , , , , , , , , , , , 
MLSC1, 36.8, 238.2,2011-12-23T02:13:00, , , , , , , , , , , , , , , , , , , , , , , , , , 
MLSC1, 36.8, 238.2,2011-12-23T04:03:00, , , , , , , , , , , , , , , , , , , , , , , , , , 
MLSC1, 36.8, 238.2,2011-12-23T05:04:00, , , , , , , , , , , , , , , , , , , , , , , , , , 
MLSC1, 36.8, 238.2,2011-12-23T06:09:00, , , , , , , , , , , , , , , , , , , , , , , , , , 
MLSC1, 36.8, 238.2,2011-12-23T07:13:00, , , , , , , , , , , , , , , , , , , , , , , , , , 
MLSC1, 36.8, 238.2,2011-12-23T08:03:00, , , , , , , , , , , , , , , , , , , , , , , , , , 
MLSC1, 36.8, 238.2,2011-12-23T09:06:00, , , , , , , , , , , , , , , , , , , , , , , , , , 
MLSC1, 36.8, 238.2,2011-12-23T10:07:00, , , , , , , , , , , , , , , , , , , , , , , , , , 
MLSC1, 36.8, 238.2,2011-12-23T11:10:00, , , , , , , , , , , , , , , , , , , , , , , , , , 
MLSC1, 36.8, 238.2,2011-12-23T12:12:00, , , , , , , , , , , , , , , , , , , , , , , , , , 
MLSC1, 36.8, 238.2,2011-12-23T14:03:00, , , , , , , , , , , , , , , , , , , , , , , , , , 
MLSC1, 36.8, 238.2,2011-12-23T15:06:00, , , , , , , , , , , , , , , , , , , , , , , , , , 
MLSC1, 36.8, 238.2,2011-12-23T16:07:00, , , , , , , , , , , , , , , , , , , , , , , , , , 
MLSC1, 36.8, 238.2,2011-12-23T17:10:00, , , , , , , , , , , , , , , , , , , , , , , , , , 
MLSC1, 36.8, 238.2,2011-12-23T18:13:00, , , , , , , , , , , , , , , , , , , , , , , , , , 
MLSC1, 36.8, 238.2,2011-12-23T19:01:00, , , , , , , , , , , , , , , , , , , , , , , , , , 
MLSC1, 36.8, 238.2,2011-12-23T20:03:00, , , , , , , , , , , , , , , , , , , , , , , , , , 
MLSC1, 36.8, 238.2,2011-12-23T21:07:00, , , , , , , , , , , , , , , , , , , , , , , , , , 
MLSC1, 36.8, 238.2,2011-12-23T22:10:00, , , , , , , , , , , , , , , , , , , , , , , , , , 
MLSC1, 36.8, 238.2,2011-12-23T23:13:00, , , , , , , , , , , , , , , , , , , , , , , , , , 
MLSC1, 36.8, 238.2,2011-12-24T01:04:00, , , , , , , , , , , , , , , , , , , , , , , , , , 
MLSC1, 36.8, 238.2,2011-12-24T02:07:00, , , , , , , , , , , , , , , , , , , , , , , , , , 
MLSC1, 36.8, 238.2,2011-12-24T03:10:00, , , , , , , , , , , , , , , , , , , , , , , , , , 
MLSC1, 36.8, 238.2,2011-12-24T04:13:00, , , , , , , , , , , , , , , , , , , , , , , , , , 
MLSC1, 36.8, 238.2,2011-12-24T05:01:00, , , , , , , , , , , , , , , , , , , , , , , , , , 
MLSC1, 36.8, 238.2,2011-12-24T06:06:00, , , , , , , , , , , , , , , , , , , , , , , , , , 
MLSC1, 36.8, 238.2,2011-12-24T07:10:00, , , , , , , , , , , , , , , , , , , , , , , , , , 
MLSC1, 36.8, 238.2,2011-12-24T08:01:00, , , , , , , , , , , , , , , , , , , , , , , , , , 
MLSC1, 36.8, 238.2,2011-12-24T09:03:00, , , , , , , , , , , , , , , , , , , , , , , , , , 
MLSC1, 36.8, 238.2,2011-12-24T10:07:00, , , , , , , , , , , , , , , , , , , , , , , , , , 
MLSC1, 36.8, 238.2,2011-12-24T11:10:00, , , , , , , , , , , , , , , , , , , , , , , , , , 
MLSC1, 36.8, 238.2,2011-12-24T12:13:00, , , , , , , , , , , , , , , , , , , , , , , , , , 
MLSC1, 36.8, 238.2,2011-12-24T13:01:00, , , , , , , , , , , , , , , , , , , , , , , , , , 
MLSC1, 36.8, 238.2,2011-12-24T14:03:00, , , , , , , , , , , , , , , , , , , , , , , , , , 
MLSC1, 36.8, 238.2,2011-12-24T15:07:00, , , , , , , , , , , , , , , , , , , , , , , , , , 
MLSC1, 36.8, 238.2,2011-12-24T16:10:00, , , , , , , , , , , , , , , , , , , , , , , , , , 
MLSC1, 36.8, 238.2,2011-12-24T17:15:00, , , , , , , , , , , , , , , , , , , , , , , , , , 
MLSC1, 36.8, 238.2,2011-12-24T18:01:00, , , , , , , , , , , , , , , , , , , , , , , , , , 
MLSC1, 36.8, 238.2,2011-12-24T19:06:00, , , , , , , , , , , , , , , , , , , , , , , , , , 
MLSC1, 36.8, 238.2,2011-12-24T20:09:00, , , , , , , , , , , , , , , , , , , , , , , , , , 
MLSC1, 36.8, 238.2,2011-12-24T21:12:00, , , , , , , , , , , , , , , , , , , , , , , , , , 
MLSC1, 36.8, 238.2,2011-12-24T22:01:00, , , , , , , , , , , , , , , , , , , , , , , , , , 
MLSC1, 36.8, 238.2,2011-12-24T23:04:00, , , , , , , , , , , , , , , , , , , , , , , , , , 
MLSC1, 36.8, 238.2,2011-12-25T00:09:00, , , , , , , , , , , , , , , , , , , , , , , , , , 
MLSC1, 36.8, 238.2,2011-12-25T01:13:00, , , , , , , , , , , , , , , , , , , , , , , , , , 
MLSC1, 36.8, 238.2,2011-12-25T02:01:00, , , , , , , , , , , , , , , , , , , , , , , , , , 
MLSC1, 36.8, 238.2,2011-12-25T03:04:00, , , , , , , , , , , , , , , , , , , , , , , , , , 
MLSC1, 36.8, 238.2,2011-12-25T04:09:00, , , , , , , , , , , , , , , , , , , , , , , , , , 
MLSC1, 36.8, 238.2,2011-12-25T05:13:00, , , , , , , , , , , , , , , , , , , , , , , , , , 
MLSC1, 36.8, 238.2,2011-12-25T06:01:00, , , , , , , , , , , , , , , , , , , , , , , , , , 
MLSC1, 36.8, 238.2,2011-12-25T07:09:00, , , , , , , , , , , , , , , , , , , , , , , , , , 
MLSC1, 36.8, 238.2,2011-12-25T08:15:00, , , , , , , , , , , , , , , , , , , , , , , , , , 
MLSC1, 36.8, 238.2,2011-12-25T09:01:00, , , , , , , , , , , , , , , , , , , , , , , , , , 
MLSC1, 36.8, 238.2,2011-12-25T10:07:00, , , , , , , , , , , , , , , , , , , , , , , , , , 
MLSC1, 36.8, 238.2,2011-12-25T11:10:00, , , , , , , , , , , , , , , , , , , , , , , , , , 
MLSC1, 36.8, 238.2,2011-12-25T12:13:00, , , , , , , , , , , , , , , , , , , , , , , , , , 
MLSC1, 36.8, 238.2,2011-12-25T13:03:00, , , , , , , , , , , , , , , , , , , , , , , , , , 
MLSC1, 36.8, 238.2,2011-12-25T14:07:00, , , , , , , , , , , , , , , , , , , , , , , , , , 
MLSC1, 36.8, 238.2,2011-12-25T15:10:00, , , , , , , , , , , , , , , , , , , , , , , , , , 
MLSC1, 36.8, 238.2,2011-12-25T17:03:00, , , , , , , , , , , , , , , , , , , , , , , , , , 
MLSC1, 36.8, 238.2,2011-12-25T18:07:00, , , , , , , , , , , , , , , , , , , , , , , , , , 
MLSC1, 36.8, 238.2,2011-12-25T19:12:00, , , , , , , , , , , , , , , , , , , , , , , , , , 
MLSC1, 36.8, 238.2,2011-12-25T20:01:00, , , , , , , , , , , , , , , , , , , , , , , , , , 
MLSC1, 36.8, 238.2,2011-12-25T21:04:00, , , , , , , , , , , , , , , , , , , , , , , , , , 
MLSC1, 36.8, 238.2,2011-12-25T22:10:00, , , , , , , , , , , , , , , , , , , , , , , , , , 
MLSC1, 36.8, 238.2,2011-12-25T23:13:00, , , , , , , , , , , , , , , , , , , , , , , , , , 
MLSC1, 36.8, 238.2,2011-12-26T00:01:00, , , , , , , , , , , , , , , , , , , , , , , , , , 
MLSC1, 36.8, 238.2,2011-12-26T01:07:00, , , , , , , , , , , , , , , , , , , , , , , , , , 
MLSC1, 36.8, 238.2,2011-12-26T02:12:00, , , , , , , , , , , , , , , , , , , , , , , , , , 
MLSC1, 36.8, 238.2,2011-12-26T04:04:00, , , , , , , , , , , , , , , , , , , , , , , , , , 
MLSC1, 36.8, 238.2,2011-12-26T05:10:00, , , , , , , , , , , , , , , , , , , , , , , , , , 
MLSC1, 36.8, 238.2,2011-12-26T07:07:00, , , , , , , , , , , , , , , , , , , , , , , , , , 
MLSC1, 36.8, 238.2,2011-12-26T08:13:00, , , , , , , , , , , , , , , , , , , , , , , , , , 
MLSC1, 36.8, 238.2,2011-12-26T09:01:00, , , , , , , , , , , , , , , , , , , , , , , , , , 
MLSC1, 36.8, 238.2,2011-12-26T10:07:00, , , , , , , , , , , , , , , , , , , , , , , , , , 
MLSC1, 36.8, 238.2,2011-12-26T11:12:00, , , , , , , , , , , , , , , , , , , , , , , , , , 
MLSC1, 36.8, 238.2,2011-12-26T13:04:00, , , , , , , , , , , , , , , , , , , , , , , , , , 
MLSC1, 36.8, 238.2,2011-12-26T14:10:00, , , , , , , , , , , , , , , , , , , , , , , , , , 
MLSC1, 36.8, 238.2,2011-12-26T15:13:00, , , , , , , , , , , , , , , , , , , , , , , , , , 
MLSC1, 36.8, 238.2,2011-12-26T16:04:00, , , , , , , , , , , , , , , , , , , , , , , , , , 
MLSC1, 36.8, 238.2,2011-12-26T17:09:00, , , , , , , , , , , , , , , , , , , , , , , , , , 
MLSC1, 36.8, 238.2,2011-12-26T18:13:00, , , , , , , , , , , , , , , , , , , , , , , , , , 
MLSC1, 36.8, 238.2,2011-12-26T19:01:00, , , , , , , , , , , , , , , , , , , , , , , , , , 
MLSC1, 36.8, 238.2,2011-12-26T20:07:00, , , , , , , , , , , , , , , , , , , , , , , , , , 
MLSC1, 36.8, 238.2,2011-12-26T21:12:00, , , , , , , , , , , , , , , , , , , , , , , , , , 
MLSC1, 36.8, 238.2,2011-12-26T22:01:00, , , , , , , , , , , , , , , , , , , , , , , , , , 
MLSC1, 36.8, 238.2,2011-12-26T23:07:00, , , , , , , , , , , , , , , , , , , , , , , , , , 
MLSC1, 36.8, 238.2,2011-12-27T00:10:00, , , , , , , , , , , , , , , , , , , , , , , , , , 
MLSC1, 36.8, 238.2,2011-12-27T01:01:00, , , , , , , , , , , , , , , , , , , , , , , , , , 
MLSC1, 36.8, 238.2,2011-12-27T02:07:00, , , , , , , , , , , , , , , , , , , , , , , , , , 
MLSC1, 36.8, 238.2,2011-12-27T03:12:00, , , , , , , , , , , , , , , , , , , , , , , , , , 
MLSC1, 36.8, 238.2,2011-12-27T04:01:00, , , , , , , , , , , , , , , , , , , , , , , , , , 
MLSC1, 36.8, 238.2,2011-12-27T05:07:00, , , , , , , , , , , , , , , , , , , , , , , , , , 
MLSC1, 36.8, 238.2,2011-12-27T06:15:00, , , , , , , , , , , , , , , , , , , , , , , , , , 
MLSC1, 36.8, 238.2,2011-12-27T07:06:00, , , , , , , , , , , , , , , , , , , , , , , , , , 
MLSC1, 36.8, 238.2,2011-12-27T08:15:00, , , , , , , , , , , , , , , , , , , , , , , , , , 
MLSC1, 36.8, 238.2,2011-12-27T09:03:00, , , , , , , , , , , , , , , , , , , , , , , , , , 
MLSC1, 36.8, 238.2,2011-12-27T10:09:00, , , , , , , , , , , , , , , , , , , , , , , , , , 
MLSC1, 36.8, 238.2,2011-12-27T11:15:00, , , , , , , , , , , , , , , , , , , , , , , , , , 
MLSC1, 36.8, 238.2,2011-12-27T12:03:00, , , , , , , , , , , , , , , , , , , , , , , , , , 
MLSC1, 36.8, 238.2,2011-12-27T18:25:00, , , , , , , , , , , , , , , , , , , , , , , , , , 
MLSC1, 36.8, 238.2,2011-12-27T19:10:00, , , , , , , , , , , , , , , , , , , , , , , , , , 
MLSC1, 36.8, 238.2,2011-12-27T20:04:00, , , , , , , , , , , , , , , , , , , , , , , , , , 
MLSC1, 36.8, 238.2,2011-12-27T22:06:00, , , , , , , , , , , , , , , , , , , , , , , , , , 
MLSC1, 36.8, 238.2,2011-12-27T23:01:00, , , , , , , , , , , , , , , , , , , , , , , , , , 
MLSC1, 36.8, 238.2,2011-12-28T00:07:00, , , , , , , , , , , , , , , , , , , , , , , , , , 
MLSC1, 36.8, 238.2,2011-12-28T01:03:00, , , , , , , , , , , , , , , , , , , , , , , , , , 
MLSC1, 36.8, 238.2,2011-12-28T02:10:00, , , , , , , , , , , , , , , , , , , , , , , , , , 
MLSC1, 36.8, 238.2,2011-12-28T03:16:00, , , , , , , , , , , , , , , , , , , , , , , , , , 
MLSC1, 36.8, 238.2,2011-12-28T04:01:00, , , , , , , , , , , , , , , , , , , , , , , , , , 
MLSC1, 36.8, 238.2,2011-12-28T05:09:00, , , , , , , , , , , , , , , , , , , , , , , , , , 
MLSC1, 36.8, 238.2,2011-12-28T06:06:00, , , , , , , , , , , , , , , , , , , , , , , , , , 
MLSC1, 36.8, 238.2,2011-12-28T07:03:00, , , , , , , , , , , , , , , , , , , , , , , , , , 
MLSC1, 36.8, 238.2,2011-12-28T08:01:00, , , , , , , , , , , , , , , , , , , , , , , , , , 
MLSC1, 36.8, 238.2,2011-12-28T09:07:00, , , , , , , , , , , , , , , , , , , , , , , , , , 
MLSC1, 36.8, 238.2,2011-12-28T10:04:00, , , , , , , , , , , , , , , , , , , , , , , , , , 
MLSC1, 36.8, 238.2,2011-12-28T12:07:00, , , , , , , , , , , , , , , , , , , , , , , , , , 
MLSC1, 36.8, 238.2,2011-12-28T13:03:00, , , , , , , , , , , , , , , , , , , , , , , , , , 
MLSC1, 36.8, 238.2,2011-12-28T14:10:00, , , , , , , , , , , , , , , , , , , , , , , , , , 
MLSC1, 36.8, 238.2,2011-12-28T15:06:00, , , , , , , , , , , , , , , , , , , , , , , , , , 
MLSC1, 36.8, 238.2,2011-12-28T16:03:00, , , , , , , , , , , , , , , , , , , , , , , , , , 
MLSC1, 36.8, 238.2,2011-12-28T17:10:00, , , , , , , , , , , , , , , , , , , , , , , , , , 
MLSC1, 36.8, 238.2,2011-12-28T18:07:00, , , , , , , , , , , , , , , , , , , , , , , , , , 
MLSC1, 36.8, 238.2,2011-12-28T19:04:00, , , , , , , , , , , , , , , , , , , , , , , , , , 
MLSC1, 36.8, 238.2,2011-12-28T20:01:00, , , , , , , , , , , , , , , , , , , , , , , , , , 
MLSC1, 36.8, 238.2,2011-12-28T21:09:00, , , , , , , , , , , , , , , , , , , , , , , , , , 
MLSC1, 36.8, 238.2,2011-12-28T22:06:00, , , , , , , , , , , , , , , , , , , , , , , , , , 
MLSC1, 36.8, 238.2,2011-12-28T23:03:00, , , , , , , , , , , , , , , , , , , , , , , , , , 
MLSC1, 36.8, 238.2,2011-12-29T01:09:00, , , , , , , , , , , , , , , , , , , , , , , , , , 
MLSC1, 36.8, 238.2,2011-12-29T02:06:00, , , , , , , , , , , , , , , , , , , , , , , , , , 
MLSC1, 36.8, 238.2,2011-12-29T03:01:00, , , , , , , , , , , , , , , , , , , , , , , , , , 
MLSC1, 36.8, 238.2,2011-12-29T04:01:00, , , , , , , , , , , , , , , , , , , , , , , , , , 
MLSC1, 36.8, 238.2,2011-12-29T05:10:00, , , , , , , , , , , , , , , , , , , , , , , , , , 
MLSC1, 36.8, 238.2,2011-12-29T06:09:00, , , , , , , , , , , , , , , , , , , , , , , , , , 
MLSC1, 36.8, 238.2,2011-12-29T07:07:00, , , , , , , , , , , , , , , , , , , , , , , , , , 
MLSC1, 36.8, 238.2,2011-12-29T08:07:00, , , , , , , , , , , , , , , , , , , , , , , , , , 
MLSC1, 36.8, 238.2,2011-12-29T09:04:00, , , , , , , , , , , , , , , , , , , , , , , , , , 
MLSC1, 36.8, 238.2,2011-12-29T10:01:00, , , , , , , , , , , , , , , , , , , , , , , , , , 
MLSC1, 36.8, 238.2,2011-12-29T11:10:00, , , , , , , , , , , , , , , , , , , , , , , , , , 
MLSC1, 36.8, 238.2,2011-12-29T12:07:00, , , , , , , , , , , , , , , , , , , , , , , , , , 
MLSC1, 36.8, 238.2,2011-12-29T13:06:00, , , , , , , , , , , , , , , , , , , , , , , , , , 
MLSC1, 36.8, 238.2,2011-12-29T14:03:00, , , , , , , , , , , , , , , , , , , , , , , , , , 
MLSC1, 36.8, 238.2,2011-12-29T16:10:00, , , , , , , , , , , , , , , , , , , , , , , , , , 
MLSC1, 36.8, 238.2,2011-12-29T17:07:00, , , , , , , , , , , , , , , , , , , , , , , , , , 
MLSC1, 36.8, 238.2,2011-12-29T18:06:00, , , , , , , , , , , , , , , , , , , , , , , , , , 
MLSC1, 36.8, 238.2,2011-12-29T19:04:00, , , , , , , , , , , , , , , , , , , , , , , , , , 
MLSC1, 36.8, 238.2,2011-12-29T20:01:00, , , , , , , , , , , , , , , , , , , , , , , , , , 
MLSC1, 36.8, 238.2,2011-12-29T22:10:00, , , , , , , , , , , , , , , , , , , , , , , , , , 
MLSC1, 36.8, 238.2,2011-12-29T23:07:00, , , , , , , , , , , , , , , , , , , , , , , , , , 
MLSC1, 36.8, 238.2,2011-12-30T00:06:00, , , , , , , , , , , , , , , , , , , , , , , , , , 
MLSC1, 36.8, 238.2,2011-12-30T01:04:00, , , , , , , , , , , , , , , , , , , , , , , , , , 
MLSC1, 36.8, 238.2,2011-12-30T02:03:00, , , , , , , , , , , , , , , , , , , , , , , , , , 
MLSC1, 36.8, 238.2,2011-12-30T05:10:00, , , , , , , , , , , , , , , , , , , , , , , , , , 
MLSC1, 36.8, 238.2,2011-12-30T06:10:00, , , , , , , , , , , , , , , , , , , , , , , , , , 
MLSC1, 36.8, 238.2,2011-12-30T07:10:00, , , , , , , , , , , , , , , , , , , , , , , , , , 
MLSC1, 36.8, 238.2,2011-12-30T08:10:00, , , , , , , , , , , , , , , , , , , , , , , , , , 
MLSC1, 36.8, 238.2,2011-12-30T09:09:00, , , , , , , , , , , , , , , , , , , , , , , , , , 
MLSC1, 36.8, 238.2,2011-12-30T10:07:00, , , , , , , , , , , , , , , , , , , , , , , , , , 
MLSC1, 36.8, 238.2,2011-12-30T11:07:00, , , , , , , , , , , , , , , , , , , , , , , , , , 
MLSC1, 36.8, 238.2,2011-12-30T12:04:00, , , , , , , , , , , , , , , , , , , , , , , , , , 
MLSC1, 36.8, 238.2,2011-12-30T13:04:00, , , , , , , , , , , , , , , , , , , , , , , , , , 
MLSC1, 36.8, 238.2,2011-12-30T14:03:00, , , , , , , , , , , , , , , , , , , , , , , , , , 
MLSC1, 36.8, 238.2,2011-12-30T17:10:00, , , , , , , , , , , , , , , , , , , , , , , , , , 
MLSC1, 36.8, 238.2,2011-12-30T18:10:00, , , , , , , , , , , , , , , , , , , , , , , , , , 
MLSC1, 36.8, 238.2,2011-12-30T19:09:00, , , , , , , , , , , , , , , , , , , , , , , , , , 
MLSC1, 36.8, 238.2,2011-12-30T20:07:00, , , , , , , , , , , , , , , , , , , , , , , , , , 
MLSC1, 36.8, 238.2,2011-12-30T21:07:00, , , , , , , , , , , , , , , , , , , , , , , , , , 
MLSC1, 36.8, 238.2,2011-12-30T22:07:00, , , , , , , , , , , , , , , , , , , , , , , , , , 
MLSC1, 36.8, 238.2,2011-12-30T23:06:00, , , , , , , , , , , , , , , , , , , , , , , , , , 
MLSC1, 36.8, 238.2,2011-12-31T00:04:00, , , , , , , , , , , , , , , , , , , , , , , , , , 
MLSC1, 36.8, 238.2,2011-12-31T01:04:00, , , , , , , , , , , , , , , , , , , , , , , , , , 
MLSC1, 36.8, 238.2,2011-12-31T02:04:00, , , , , , , , , , , , , , , , , , , , , , , , , , 
MLSC1, 36.8, 238.2,2011-12-31T03:04:00, , , , , , , , , , , , , , , , , , , , , , , , , , 
MLSC1, 36.8, 238.2,2011-12-31T04:04:00, , , , , , , , , , , , , , , , , , , , , , , , , , 
MLSC1, 36.8, 238.2,2011-12-31T05:06:00, , , , , , , , , , , , , , , , , , , , , , , , , , 
MLSC1, 36.8, 238.2,2011-12-31T06:06:00, , , , , , , , , , , , , , , , , , , , , , , , , , 
MLSC1, 36.8, 238.2,2011-12-31T07:07:00, , , , , , , , , , , , , , , , , , , , , , , , , , 
MLSC1, 36.8, 238.2,2011-12-31T08:07:00, , , , , , , , , , , , , , , , , , , , , , , , , , 
MLSC1, 36.8, 238.2,2011-12-31T09:07:00, , , , , , , , , , , , , , , , , , , , , , , , , , 
MLSC1, 36.8, 238.2,2011-12-31T10:07:00, , , , , , , , , , , , , , , , , , , , , , , , , , 
MLSC1, 36.8, 238.2,2011-12-31T11:07:00, , , , , , , , , , , , , , , , , , , , , , , , , , 
MLSC1, 36.8, 238.2,2011-12-31T12:07:00, , , , , , , , , , , , , , , , , , , , , , , , , , 
MLSC1, 36.8, 238.2,2011-12-31T13:07:00, , , , , , , , , , , , , , , , , , , , , , , , , , 
MLSC1, 36.8, 238.2,2011-12-31T14:07:00, , , , , , , , , , , , , , , , , , , , , , , , , , 
MLSC1, 36.8, 238.2,2011-12-31T15:07:00, , , , , , , , , , , , , , , , , , , , , , , , , , 
MLSC1, 36.8, 238.2,2011-12-31T16:07:00, , , , , , , , , , , , , , , , , , , , , , , , , , 
MLSC1, 36.8, 238.2,2011-12-31T17:07:00, , , , , , , , , , , , , , , , , , , , , , , , , , 
MLSC1, 36.8, 238.2,2011-12-31T18:07:00, , , , , , , , , , , , , , , , , , , , , , , , , , 
MLSC1, 36.8, 238.2,2011-12-31T19:09:00, , , , , , , , , , , , , , , , , , , , , , , , , , 
MLSC1, 36.8, 238.2,2011-12-31T20:09:00, , , , , , , , , , , , , , , , , , , , , , , , , , 
MLSC1, 36.8, 238.2,2011-12-31T21:09:00, , , , , , , , , , , , , , , , , , , , , , , , , , 
MLSC1, 36.8, 238.2,2011-12-31T22:09:00, , , , , , , , , , , , , , , , , , , , , , , , , , 
MLSC1, 36.8, 238.2,2011-12-31T23:10:00, , , , , , , , , , , , , , , , , , , , , , , , , , 
MLSC1, 36.8, 238.0,2012-01-01T00:09:00, , , ,60.8, ,49.8, , , , , , , , , , , ,A, , , , , , , 70, 41
MLSC1, 36.8, 238.2,2012-01-01T00:10:00, , , , , , , , , , , , , , , , , , , , , , , , , , 
MLSC1, 36.8, 238.0,2012-01-01T00:21:00, , , ,61.3, ,50.4, , , , , , , , , , , ,A, , , , , , , 70, 31
MLSC1, 36.8, 238.0,2012-01-01T00:33:00, , , ,61.0, ,49.8, , , , , , , , , , , ,A, , , , , , , 80, 31
MLSC1, 36.8, 238.0,2012-01-01T00:45:00, , , ,61.2, ,50.2, , , , , , , , , , , ,A, , , , , , , 80, 26
MLSC1, 36.8, 238.0,2012-01-01T00:57:00, , , ,61.2, ,50.2, , , , , , , , , , , ,A, , , , , , , 80, 31
MLSC1, 36.8, 238.0,2012-01-01T01:12:00, , , ,61.2, ,50.0, , , , , , , , , , , ,A, , , , , , , 70, 41
MLSC1, 36.8, 238.2,2012-01-01T01:12:00, , , , , , , , , , , , , , , , , , , , , , , , , , 
MLSC1, 36.8, 238.0,2012-01-01T01:24:00, , , ,60.6, ,49.5, , , , , , , , , , , ,A, , , , , , , 70, 46
MLSC1, 36.8, 238.0,2012-01-01T01:36:00, , , ,60.8, ,49.6, , , , , , , , , , , ,A, , , , , , , 80, 62
MLSC1, 36.8, 238.0,2012-01-01T01:48:00, , , ,60.6, ,49.6, , , , , , , , , , , ,A, , , , , , , 90, 41
MLSC1, 36.8, 238.0,2012-01-01T02:00:00, , , ,60.6, ,49.6, , , , , , , , , , , ,A, , , , , , , 80, 51
MLSC1, 36.8, 238.0,2012-01-01T02:12:00, , , ,60.8, ,49.6, , , , , , , , , , , ,A, , , , , , , 70, 62
MLSC1, 36.8, 238.0,2012-01-01T02:24:00, , , ,61.0, ,49.8, , , , , , , , , , , ,A, , , , , , , 70, 46
MLSC1, 36.8, 238.0,2012-01-01T02:36:00, , , ,60.8, ,50.0, , , , , , , , , , , ,A, , , , , , , 80, 51
MLSC1, 36.8, 238.0,2012-01-01T02:48:00, , , ,60.3, ,48.9, , , , , , , , , , , ,A, , , , , , , 60, 46
MLSC1, 36.8, 238.0,2012-01-01T03:00:00, , , ,60.8, ,49.8, , , , , , , , , , , ,A, , , , , , , 70, 51
MLSC1, 36.8, 238.0,2012-01-01T03:12:00, , , ,60.1, ,48.9, , , , , , , , , , , ,A, , , , , , , 80, 51
MLSC1, 36.8, 238.0,2012-01-01T03:24:00, , , ,60.8, ,49.8, , , , , , , , , , , ,A, , , , , , , 80, 57
MLSC1, 36.8, 238.0,2012-01-01T03:36:00, , , ,60.4, ,49.3, , , , , , , , , , , ,A, , , , , , , 70, 62
MLSC1, 36.8, 238.0,2012-01-01T03:48:00, , , ,60.6, ,49.6, , , , , , , , , , , ,A, , , , , , , 80, 57
MLSC1, 36.8, 238.0,2012-01-01T04:01:00, , , ,59.9, ,48.6, , , , , , , , , , , ,A, , , , , , , 70, 51
MLSC1, 36.8, 238.2,2012-01-01T04:01:00, , , , , , , , , , , , , , , , , , , , , , , , , , 
MLSC1, 36.8, 238.0,2012-01-01T04:13:00, , , ,60.6, ,49.6, , , , , , , , , , , ,A, , , , , , , 60, 62
MLSC1, 36.8, 238.0,2012-01-01T04:25:00, , , ,60.4, ,49.3, , , , , , , , , , , ,A, , , , , , , 70, 62
MLSC1, 36.8, 238.0,2012-01-01T04:37:00, , , ,60.6, ,49.6, , , , , , , , , , , ,A, , , , , , , 70, 62
MLSC1, 36.8, 238.0,2012-01-01T04:51:00, , , ,60.8, ,49.6, , , , , , , , , , , ,A, , , , , , , 70, 62
MLSC1, 36.8, 238.0,2012-01-01T05:03:00, , , ,60.3, ,49.1, , , , , , , , , , , ,A, , , , , , , 70, 36
MLSC1, 36.8, 238.2,2012-01-01T05:03:00, , , , , , , , , , , , , , , , , , , , , , , , , , 
MLSC1, 36.8, 238.0,2012-01-01T05:15:00, , , ,60.3, ,48.9, , , , , , , , , , , ,A, , , , , , , 70, 46
MLSC1, 36.8, 238.0,2012-01-01T05:27:00, , , ,60.3, ,49.1, , , , , , , , , , , ,A, , , , , , , 70, 62
MLSC1, 36.8, 238.0,2012-01-01T05:39:00, , , ,60.4, ,49.1, , , , , , , , , , , ,A, , , , , , , 80, 46
MLSC1, 36.8, 238.0,2012-01-01T05:52:00, , , ,60.4, ,49.1, , , , , , , , , , , ,A, , , , , , , 90, 36
MLSC1, 36.8, 238.0,2012-01-01T06:03:00, , , ,60.1, ,48.7, , , , , , , , , , , ,A, , , , , , , 90, 41
MLSC1, 36.8, 238.2,2012-01-01T06:04:00, , , , , , , , , , , , , , , , , , , , , , , , , , 
MLSC1, 36.8, 238.0,2012-01-01T06:18:00, , , ,60.8, ,49.5, , , , , , , , , , , ,A, , , , , , , 90, 41
MLSC1, 36.8, 238.0,2012-01-01T06:30:00, , , ,60.3, ,49.1, , , , , , , , , , , ,A, , , , , , , 80, 26
MLSC1, 36.8, 238.0,2012-01-01T06:42:00, , , ,60.4, ,49.1, , , , , , , , , , , ,A, , , , , , , 90, 41
MLSC1, 36.8, 238.0,2012-01-01T06:54:00, , , ,60.6, ,49.3, , , , , , , , , , , ,A, , , , , , , 90, 46
MLSC1, 36.8, 238.0,2012-01-01T07:06:00, , , ,59.9, ,48.4, , , , , , , , , , , ,A, , , , , , , 90, 31
MLSC1, 36.8, 238.2,2012-01-01T07:07:00, , , , , , , , , , , , , , , , , , , , , , , , , , 
MLSC1, 36.8, 238.0,2012-01-01T07:19:00, , , ,61.2, ,50.0, , , , , , , , , , , ,A, , , , , , ,100, 31
MLSC1, 36.8, 238.0,2012-01-01T07:31:00, , , ,60.8, ,49.6, , , , , , , , , , , ,A, , , , , , ,110, 36
MLSC1, 36.8, 238.0,2012-01-01T07:43:00, , , ,60.8, ,49.6, , , , , , , , , , , ,A, , , , , , ,100, 36
MLSC1, 36.8, 238.0,2012-01-01T07:55:00, , , ,60.4, ,49.1, , , , , , , , , , , ,A, , , , , , ,100, 31
MLSC1, 36.8, 238.0,2012-01-03T22:40:00, , , ,59.9, ,48.4, , , , , , , , , , , ,A, , , , , , ,300, 26
MLSC1, 36.8, 238.2,2012-01-03T22:40:00, , , , , , , , , , , , , , , , , , , , , , , , , , 
MLSC1, 36.8, 238.0,2012-01-03T22:51:00, , , ,60.1, ,48.7, , , , , , , , , , , ,A, , , , , , ,300, 26
MLSC1, 36.8, 238.0,2012-01-03T23:01:00, , , ,59.4, ,47.8, , , , , , , , , , , ,A, , , , , , ,300, 15
MLSC1, 36.8, 238.2,2012-01-03T23:01:00, , , , , , , , , , , , , , , , , , , , , , , , , , 
MLSC1, 36.8, 238.0,2012-01-03T23:12:00, , , ,59.7, ,48.0, , , , , , , , , , , ,A, , , , , , ,300, 15
MLSC1, 36.8, 238.0,2012-01-03T23:22:00, , , ,59.4, ,47.7, , , , , , , , , , , ,A, , , , , , ,300, 15
MLSC1, 36.8, 238.0,2012-01-03T23:54:00, , , ,59.5, ,48.0, , , , , , , , , , , ,A, , , , , , ,361,  0
MLSC1, 36.8, 238.0,2012-01-04T00:03:00, , , ,60.3, ,48.7, , , , , , , , , , , ,A, , , , , , ,361,  0
MLSC1, 36.8, 238.2,2012-01-04T00:04:00, , , , , , , , , , , , , , , , , , , , , , , , , , 
MLSC1, 36.8, 238.0,2012-01-04T00:15:00, , , ,60.6, ,49.3, , , , , , , , , , , ,A, , , , , , ,361,  0
MLSC1, 36.8, 238.0,2012-01-04T00:25:00, , , ,59.7, ,48.0, , , , , , , , , , , ,A, , , , , , ,240,  5
MLSC1, 36.8, 238.0,2012-01-04T00:36:00, , , ,59.9, ,48.4, , , , , , , , , , , ,A, , , , , , ,230, 15
MLSC1, 36.8, 238.0,2012-01-04T00:46:00, , , ,60.1, ,48.7, , , , , , , , , , , ,A, , , , , , ,220, 15
MLSC1, 36.8, 238.0,2012-01-04T00:57:00, , , ,59.7, ,48.0, , , , , , , , , , , ,A, , , , , , ,220, 21
MLSC1, 36.8, 238.0,2012-01-04T01:09:00, , , ,60.3, ,48.9, , , , , , , , , , , ,A, , , , , , ,180, 15
MLSC1, 36.8, 238.2,2012-01-04T01:09:00, , , , , , , , , , , , , , , , , , , , , , , , , , 
MLSC1, 36.8, 238.0,2012-01-04T01:18:00, , , ,59.7, ,48.2, , , , , , , , , , , ,A, , , , , , ,190,  5
MLSC1, 36.8, 238.0,2012-01-04T01:30:00, , , ,59.7, ,48.2, , , , , , , , , , , ,A, , , , , , ,170,  5
MLSC1, 36.8, 238.0,2012-01-04T01:39:00, , , ,60.3, ,48.9, , , , , , , , , , , ,A, , , , , , ,170, 10
MLSC1, 36.8, 238.0,2012-01-04T01:51:00, , , ,60.6, ,49.3, , , , , , , , , , , ,A, , , , , , ,120, 10
MLSC1, 36.8, 238.0,2012-01-04T02:01:00, , , ,60.3, ,48.6, , , , , , , , , , , ,A, , , , , , ,110,  5
MLSC1, 36.8, 238.2,2012-01-04T02:01:00, , , , , , , , , , , , , , , , , , , , , , , , , , 
MLSC1, 36.8, 238.0,2012-01-04T02:12:00, , , ,60.1, ,48.6, , , , , , , , , , , ,A, , , , , , ,100, 10
MLSC1, 36.8, 238.0,2012-01-04T02:22:00, , , ,59.5, ,48.0, , , , , , , , , , , ,A, , , , , , ,100,  5
MLSC1, 36.8, 238.0,2012-01-04T02:33:00, , , ,59.7, ,48.2, , , , , , , , , , , ,A, , , , , , ,361,  0
MLSC1, 36.8, 238.0,2012-01-04T02:43:00, , , ,59.7, ,48.4, , , , , , , , , , , ,A, , , , , , ,110,  5
MLSC1, 36.8, 238.0,2012-01-04T02:54:00, , , ,60.3, ,48.9, , , , , , , , , , , ,A, , , , , , , 90,  5
MLSC1, 36.8, 238.0,2012-01-04T03:03:00, , , ,59.2, ,47.7, , , , , , , , , , , ,A, , , , , , ,361,  0
MLSC1, 36.8, 238.2,2012-01-04T03:04:00, , , , , , , , , , , , , , , , , , , , , , , , , , 
MLSC1, 36.8, 238.0,2012-01-04T03:15:00, , , ,60.1, ,48.6, , , , , , , , , , , ,A, , , , , , ,361,  0
MLSC1, 36.8, 238.0,2012-01-04T03:24:00, , , ,59.9, ,48.4, , , , , , , , , , , ,A, , , , , , ,130,  5
MLSC1, 36.8, 238.0,2012-01-04T03:36:00, , , ,59.7, ,48.2, , , , , , , , , , , ,A, , , , , , ,120,  5
MLSC1, 36.8, 238.0,2012-01-04T03:45:00, , , ,59.5, ,48.0, , , , , , , , , , , ,A, , , , , , ,361,  0
MLSC1, 36.8, 238.0,2012-01-04T03:57:00, , , ,59.9, ,48.4, , , , , , , , , , , ,A, , , , , , ,361,  0
MLSC1, 36.8, 238.0,2012-01-04T04:07:00, , , ,59.7, ,48.4, , , , , , , , , , , ,A, , , , , , ,361,  0
MLSC1, 36.8, 238.2,2012-01-04T04:07:00, , , , , , , , , , , , , , , , , , , , , , , , , , 
MLSC1, 36.8, 238.0,2012-01-04T04:19:00, , , ,59.2, ,47.5, , , , , , , , , , , ,A, , , , , , ,361,  0
MLSC1, 36.8, 238.0,2012-01-04T04:30:00, , , ,59.0, ,47.3, , , , , , , , , , , ,A, , , , , , ,361,  0
MLSC1, 36.8, 238.0,2012-01-04T04:40:00, , , ,59.5, ,47.8, , , , , , , , , , , ,A, , , , , , ,361,  0
MLSC1, 36.8, 238.0,2012-01-04T04:51:00, , , ,59.9, ,48.4, , , , , , , , , , , ,A, , , , , , ,361,  0
MLSC1, 36.8, 238.0,2012-01-04T05:01:00, , , ,59.7, ,48.2, , , , , , , , , , , ,A, , , , , , ,300,  5
MLSC1, 36.8, 238.2,2012-01-04T05:01:00, , , , , , , , , , , , , , , , , , , , , , , , , , 
MLSC1, 36.8, 238.0,2012-01-04T05:12:00, , , ,59.9, ,48.6, , , , , , , , , , , ,A, , , , , , ,361,  0
MLSC1, 36.8, 238.0,2012-01-04T05:24:00, , , ,59.9, ,48.4, , , , , , , , , , , ,A, , , , , , ,260, 10
MLSC1, 36.8, 238.0,2012-01-04T05:33:00, , , ,60.3, ,48.9, , , , , , , , , , , ,A, , , , , , ,361,  0
MLSC1, 36.8, 238.0,2012-01-04T05:45:00, , , ,60.6, ,49.1, , , , , , , , , , , ,A, , , , , , , 40,  5
MLSC1, 36.8, 238.0,2012-01-04T05:55:00, , , ,59.9, ,48.4, , , , , , , , , , , ,A, , , , , , , 80, 21
MLSC1, 36.8, 238.0,2012-01-04T06:06:00, , , ,59.7, ,48.0, , , , , , , , , , , ,A, , , , , , , 90, 26
MLSC1, 36.8, 238.2,2012-01-04T06:07:00, , , , , , , , , , , , , , , , , , , , , , , , , , 
MLSC1, 36.8, 238.0,2012-01-04T06:18:00, , , ,60.1, ,48.6, , , , , , , , , , , ,A, , , , , , ,100, 21
MLSC1, 36.8, 238.0,2012-01-04T06:28:00, , , ,60.4, ,49.1, , , , , , , , , , , ,A, , , , , , ,100, 15
MLSC1, 36.8, 238.0,2012-01-04T06:39:00, , , ,59.9, ,48.4, , , , , , , , , , , ,A, , , , , , ,100, 21
MLSC1, 36.8, 238.0,2012-01-04T06:51:00, , , ,60.6, ,49.1, , , , , , , , , , , ,A, , , , , , , 80, 21
MLSC1, 36.8, 238.0,2012-01-04T07:01:00, , , ,60.3, ,48.9, , , , , , , , , , , ,A, , , , , , ,130, 15
MLSC1, 36.8, 238.2,2012-01-04T07:01:00, , , , , , , , , , , , , , , , , , , , , , , , , , 
MLSC1, 36.8, 238.0,2012-01-04T07:12:00, , , ,60.6, ,49.1, , , , , , , , , , , ,A, , , , , , ,100, 15
MLSC1, 36.8, 238.0,2012-01-04T07:22:00, , , ,59.5, ,47.8, , , , , , , , , , , ,A, , , , , , ,110, 15
MLSC1, 36.8, 238.0,2012-01-04T07:33:00, , , ,59.5, ,48.0, , , , , , , , , , , ,A, , , , , , ,100, 21
MLSC1, 36.8, 238.0,2012-01-04T07:45:00, , , ,59.7, ,48.0, , , , , , , , , , , ,A, , , , , , ,110, 26
MLSC1, 36.8, 238.0,2012-01-04T07:54:00, , , ,60.4, ,48.9, , , , , , , , , , , ,A, , , , , , ,110, 26
MLSC1, 36.8, 238.0,2012-01-04T18:57:00, , , ,59.7, ,48.0, , , , , , , , , , , ,A, , , , , , ,140, 10
MLSC1, 36.8, 238.2,2012-01-04T18:58:00, , , , , , , , , , , , , , , , , , , , , , , , , , 
MLSC1, 36.8, 238.0,2012-01-04T19:09:00, , , ,60.8, ,49.5, , , , , , , , , , , ,A, , , , , , ,120, 10
MLSC1, 36.8, 238.2,2012-01-04T19:10:00, , , , , , , , , , , , , , , , , , , , , , , , , , 
MLSC1, 36.8, 238.0,2012-01-04T19:19:00, , , ,60.6, ,49.1, , , , , , , , , , , ,A, , , , , , ,320, 10
MLSC1, 36.8, 238.0,2012-01-04T19:30:00, , , ,60.6, ,49.1, , , , , , , , , , , ,A, , , , , , ,310, 26
MLSC1, 36.8, 238.0,2012-01-04T19:42:00, , , ,60.6, ,49.1, , , , , , , , , , , ,A, , , , , , ,310, 21
MLSC1, 36.8, 238.0,2012-01-04T19:51:00, , , ,60.6, ,49.1, , , , , , , , , , , ,A, , , , , , ,320, 26
MLSC1, 36.8, 238.0,2012-01-04T20:03:00, , , ,60.6, ,49.3, , , , , , , , , , , ,A, , , , , , ,320, 21
MLSC1, 36.8, 238.2,2012-01-04T20:03:00, , , , , , , , , , , , , , , , , , , , , , , , , , 
MLSC1, 36.8, 238.0,2012-01-04T20:12:00, , , ,60.3, ,48.9, , , , , , , , , , , ,A, , , , , , ,300, 15
MLSC1, 36.8, 238.0,2012-01-04T20:24:00, , , ,60.1, ,48.6, , , , , , , , , , , ,A, , , , , , ,310, 15
MLSC1, 36.8, 238.0,2012-01-04T20:33:00, , , ,60.1, ,48.7, , , , , , , , , , , ,A, , , , , , ,310, 15
MLSC1, 36.8, 238.0,2012-01-04T20:45:00, , , ,60.6, ,49.3, , , , , , , , , , , ,A, , , , , , ,310, 21
MLSC1, 36.8, 238.0,2012-01-04T20:55:00, , , ,59.9, ,48.2, , , , , , , , , , , ,A, , , , , , ,300, 21
MLSC1, 36.8, 238.0,2012-01-04T21:06:00, , , ,60.6, ,49.3, , , , , , , , , , , ,A, , , , , , ,310, 21
MLSC1, 36.8, 238.2,2012-01-04T21:06:00, , , , , , , , , , , , , , , , , , , , , , , , , , 
MLSC1, 36.8, 238.0,2012-01-04T21:16:00, , , ,59.9, ,48.4, , , , , , , , , , , ,A, , , , , , ,290, 10
MLSC1, 36.8, 238.0,2012-01-04T21:25:00, , , ,60.4, ,49.1, , , , , , , , , , , ,A, , , , , , ,340, 15
MLSC1, 36.8, 238.0,2012-01-04T21:36:00, , , ,60.4, ,49.1, , , , , , , , , , , ,A, , , , , , ,340, 26
MLSC1, 36.8, 238.0,2012-01-04T21:46:00, , , ,60.1, ,48.7, , , , , , , , , , , ,A, , , , , , ,350, 21
MLSC1, 36.8, 238.0,2012-01-04T21:57:00, , , ,59.2, ,47.5, , , , , , , , , , , ,A, , , , , , ,330, 15
MLSC1, 36.8, 238.0,2012-01-04T22:09:00, , , ,59.4, ,47.7, , , , , , , , , , , ,A, , , , , , ,320, 21
MLSC1, 36.8, 238.2,2012-01-04T22:10:00, , , , , , , , , , , , , , , , , , , , , , , , , , 
MLSC1, 36.8, 238.0,2012-01-04T22:19:00, , , ,60.1, ,48.7, , , , , , , , , , , ,A, , , , , , ,310, 15
MLSC1, 36.8, 238.0,2012-01-04T22:30:00, , , ,60.4, ,49.1, , , , , , , , , , , ,A, , , , , , ,320, 15
